f0,f1,f2,f3,f4,f5,f6,f7,f8,f9,f10,f11,f12,f13,f14,f15,f16,f17,f18,f19,f20,f21,f22,f23,f24,f25,f26,f27,f28,f29,f30,f31,f32,f33,f34,f35,f36,f37,f38,f39,f40,f41,f42,f43,f44,f45,f46,f47,f48,f49,f50,f51,label
0.42601830,0.21717785,0.68658433,-1.21380217,-0.21389394,-1.41249071,-0.05732956,0.48730204,-1.14449213,-0.63334518,-0.30649012,1.25859307,1.47976505,-1.36526610,0.78302377,-0.38482780,-0.32262544,0.76279492,1.25527930,1.35278578,0.23136776,-0.42863652,0.86264726,-0.74699585,0.19222209,-0.42426462,0.46989322,-0.77880326,-0.92522116,1.25471726,-1.19458895,0.01787372,-0.83744165,-1.38321011,-1.39194355,-0.97433468,1.10031106,-0.65256377,1.35137751,0.24486688,-0.19015743,0.24026650,0.05009516,0.77632876,-0.65251180,-0.44084883,1.18228291,1.33936954,1.17767468,-0.24165602,0.84109651,-0.07099280,1.00000000
-0.40927287,0.34576207,-0.00738044,-0.88595967,0.27339091,-0.94159231,-0.50530590,1.06509060,-0.87877257,-1.28652514,-1.29297722,1.32235356,0.02076131,-0.27176378,0.93263574,1.00747778,-0.50342690,0.58085417,0.81336845,0.46395206,-1.04521478,1.12764925,0.11728366,-0.65258272,-0.22431544,-1.38728673,-1.11639960,0.79664025,-1.49996510,-0.25030251,0.06753054,-1.33609674,1.41923449,-0.82162401,-0.58740384,-0.58817246,-0.80875001,-1.49557853,0.68803438,1.40053650,-0.82711955,0.48914158,0.72568898,1.04527614,-0.23211241,-0.59120728,-0.52411460,0.63786400,0.95033840,-0.95515810,-0.38717698,1.20582059,1.00000000
0.46990123,0.90454429,0.92008056,1.45457521,0.76274478,-0.32041440,0.27191350,0.48304276,-1.26463255,0.13349088,0.62796249,-0.99803609,0.84189515,0.25131834,1.35666536,-1.37273311,-0.70402159,0.30466164,-0.61032026,0.64327249,0.77701585,-1.19245211,0.04156339,0.02667167,-0.39215769,1.29877459,0.98251896,0.59162815,0.64297991,-0.11485157,1.26298356,0.58378628,0.68694318,1.08507271,-0.67778523,0.92121271,-0.91427819,-0.46397414,-0.49316864,1.43557641,1.06961167,0.60350958,0.68117028,0.18621838,1.34127200,-0.01122374,-0.35844687,-1.01089399,0.85861696,0.70333180,-0.34693488,-1.42441976,0.00000000
0.64190524,0.08058485,1.01699198,-1.46574605,0.61109934,1.41077133,-0.18701602,-0.79507979,0.61461303,0.95138443,0.13929095,1.40110583,-1.34499384,0.01438679,0.65536184,1.08792141,-0.96223316,0.90001045,0.15812123,-0.31033895,-1.10485491,1.09588728,-1.02818038,-0.57063642,-0.62986340,1.11424210,0.51810898,0.89004419,-0.74859630,0.37462230,0.21523795,0.99849113,1.21826118,-1.46352969,0.52205976,-1.34449260,0.14657600,-0.63710181,-0.57967020,-0.44112449,0.36387735,-0.49785010,0.69809715,-0.28641784,-1.29494040,0.85127953,-0.64272503,-0.20169936,0.55633165,-0.50263153,-1.33024303,-0.37823686,1.00000000
-0.98663621,0.16952151,1.33334575,0.42520319,0.51443745,0.39684646,-0.90302358,-0.24499841,0.75281940,-1.19588131,-0.66644167,-0.67104267,-0.20394322,1.44110622,-1.29749236,0.05610298,-0.96190595,1.41202964,-1.16008949,-0.28919699,0.71365495,0.61366328,-0.23181409,-0.46042750,-0.30716286,-0.70717121,-0.88400118,-0.05088091,-0.69439873,-0.63761501,0.47026819,1.40561200,0.31091160,-1.26906160,-1.27324916,1.35426966,-0.60812763,-1.22379904,0.29713376,0.37094633,0.44551446,-0.69779392,-1.45466795,1.39504611,-0.74732086,0.52807886,0.61988961,0.33002225,-0.56127782,-0.68671124,0.29300485,1.09828690,0.00000000
-0.71700850,0.43835951,1.34020119,-1.18228259,-1.03551416,1.33420878,0.70960569,1.14898147,-0.89210210,0.26275761,0.60341878,0.54033566,-0.27554493,-1.45381532,0.24877817,-0.74069538,-0.14923726,1.37274305,-0.30289405,1.01940482,-0.93437818,0.51738149,1.43102086,-1.19432070,-1.47504017,-0.19925162,-1.22212355,0.74515305,1.24364599,-0.19793708,-0.72386507,-0.19679004,0.67034345,-1.47283752,0.26836197,0.33987505,0.41306474,-0.77393376,0.64215817,-1.22582554,-0.90218899,1.13241014,0.71616945,-1.45876334,-0.75487122,-0.85678055,-0.68758102,-0.75732069,-1.31242111,-0.12317845,0.69820042,0.32019517,0.00000000
-0.37972275,-0.45290520,0.51861501,-1.25655246,1.35447213,1.01547550,0.91527096,0.96895142,1.29813152,0.13276190,-0.89915395,0.35035082,0.72864448,0.71375218,0.06434707,-1.29462384,-0.38666118,1.26229983,0.25334673,0.11499583,-0.69343946,-0.39465324,1.18603827,0.49938914,0.86216108,-0.13696373,0.39074166,-0.75484917,0.61638249,-0.21719600,-0.17236346,0.44796697,1.30884186,-1.30798096,0.97422971,-0.62285067,-0.16824164,-1.43426001,-0.59686177,0.00789373,-1.33147177,-0.02671281,1.28133189,-1.18382035,0.79332218,-0.27098684,0.46552114,-0.71929021,-1.02152321,-1.01861216,-1.28852416,-0.94305989,1.00000000
-0.99585899,0.10803081,0.49265815,1.14507184,0.94237706,0.55540293,-1.16870441,-0.63243766,-0.57057937,-0.75012916,0.04501698,0.10666144,-0.42934207,-0.43863252,0.98566679,0.86787854,-0.57661250,1.24136533,1.35844505,-0.51977237,-0.43672515,0.01690246,1.32336244,1.12895830,-1.19229611,-0.32180777,0.16011357,0.00939742,-0.91841080,1.07645031,0.53082235,1.01372512,1.07629284,0.74506756,-0.18236820,0.33164027,-1.01890378,0.52093625,-0.96224023,0.58184877,-0.81120552,-1.14734610,-1.00414653,-1.49402359,0.65621885,0.69720315,0.04480005,-1.01591160,-1.24933699,-1.44261310,-1.00275547,1.17256660,0.00000000
-0.27772184,0.45387353,-0.77538947,-0.43718602,-1.18396355,-0.83291609,0.05767371,0.32325805,-0.76394306,-1.32680352,-0.32690139,-0.79738989,-0.84133823,1.37958841,0.34890146,0.17063533,-0.25267469,-0.21316700,0.12271501,0.58928942,0.60643829,-0.98491828,0.00033826,-0.26412571,1.11158090,0.39425676,0.09751220,-1.15381607,0.31691367,-1.14838828,-0.48838027,-1.07147411,0.57622094,-0.88124366,-0.32442188,1.18702433,-0.88705085,0.02341519,-0.24218502,-1.44562788,0.87827434,-1.29286228,-0.07723494,0.18203488,0.38527937,0.56589489,-0.74018285,-1.47006367,0.67033099,0.10696980,1.00835311,0.96416509,1.00000000
-0.69609445,-0.64579777,1.02997850,-0.04471602,-0.49911481,0.87467461,-0.14611766,-0.94967341,1.06492206,1.14767963,-0.10107073,-1.27290082,-0.33652173,0.91061298,1.20532209,-0.88958177,-1.29907916,1.13205136,-0.33178518,0.12528289,1.40419744,-1.30030582,0.44495402,-1.27768373,-0.37359321,0.91144364,-0.19958330,1.49154706,0.17717785,-0.53651354,-0.83966602,-0.44843840,-0.38240018,-1.29385897,-0.39127740,-0.10728444,0.66821326,0.47018845,0.62629697,-1.47490895,-0.84699780,0.48505287,-0.04803190,-1.48405957,0.91348393,0.81842872,0.14525749,-1.30061002,0.79954515,0.25114076,0.84587993,0.75524098,0.00000000
0.92835818,0.25852946,0.90900622,0.05402420,-1.07902645,0.51347242,0.36142136,0.72675956,-0.99035698,-0.91507440,1.17122855,0.74993340,1.22468547,0.77614596,0.29146592,0.46239821,1.16738377,0.23642026,0.39717397,-1.03056985,-0.07823634,0.64919134,-0.68717191,-0.89323746,-0.55851958,-0.77549812,-0.85526209,-0.22544747,1.22351554,0.02117894,-0.93623886,-1.26908499,0.58846844,-0.35160371,0.96549284,0.47853231,0.88872435,-0.68416188,0.57707677,-0.70781405,1.31720544,0.40912284,-0.52646460,-0.69146441,-0.92722024,0.58392288,-0.84385316,0.28590980,-0.70609492,0.48590683,0.94481919,0.83407573,0.00000000
0.19647513,-0.24595972,0.78255399,-0.93683278,-1.23484516,0.59684649,-0.39495836,-0.20296132,-1.40655272,-0.72127065,-1.39897079,1.13755732,-0.76980995,0.17201151,-1.38306204,0.50054217,-0.53091796,1.19375756,1.16435457,-0.52412814,1.20288269,1.48847302,0.97624699,1.03461404,-0.75297379,0.23010720,-1.29823226,-1.21524619,1.49667784,-0.52008225,0.74455174,0.91999516,1.07406981,1.49288489,-0.77551054,-1.37894752,-0.26642545,-1.10975799,-1.43272233,-0.41871952,0.85121475,0.19854207,-0.56166603,0.46302602,-0.80394546,-1.45685566,0.79306016,0.37122925,0.78690787,-1.38318595,1.01135888,0.35857860,1.00000000
-0.26614151,1.17464969,0.19018605,0.37384214,1.09329974,0.26080952,0.24285114,1.47203747,0.77019050,-0.17311858,0.62219100,-0.33230858,-0.81337361,0.29055563,1.28454629,1.28741856,-0.47428417,0.08303240,-0.86509230,1.48689333,1.44335372,0.44852679,0.91324218,0.64530048,0.27947466,-1.33995601,-0.13570697,0.52435891,0.53259484,-0.38063214,1.32507596,-0.99792890,0.00107834,0.57265193,0.59140742,0.44591687,-0.67413536,-1.03138029,0.40782098,0.29790635,-0.96193197,0.61541744,-0.13448402,0.50328177,1.01210124,-0.99081471,-1.44256540,0.83730776,0.32909228,0.59891871,1.01446492,0.90843280,0.00000000
-0.75578131,0.79341029,1.38276044,0.10780524,-0.03451310,-0.29433840,-1.03892687,0.21782170,-0.66896243,1.26392254,0.24957241,0.27852054,-0.43522602,-1.34403194,-1.40476870,-0.22999457,-1.24630387,0.32054087,1.14291902,1.14874445,0.47713623,-0.86630451,1.08899049,1.15828031,-0.91003925,0.71227826,-0.64044135,0.90792094,1.49171370,-1.40992198,1.19209760,0.36789160,1.42014786,-0.10497145,1.04216379,-1.31281779,-0.49416285,-1.29895039,1.42602940,0.95092172,1.05764226,1.31389569,-1.24468954,-0.34320722,-1.28689533,-0.86762070,-0.81190267,-0.09267837,-0.69431350,-1.19706568,-0.99752673,-1.05817331,0.00000000
-0.56976542,-0.92585502,1.41923039,0.77787752,1.40328440,-0.18077854,-0.66489456,0.89487959,-0.52123825,-0.60184988,-0.80248202,-1.11096307,-0.73061082,-0.43404075,0.52198262,-1.31230547,-0.86847918,0.92707092,-1.05923423,-0.47206456,1.09397677,-1.03522407,-1.25178949,-0.04638601,-0.59274147,0.19022509,0.91141467,-1.08855454,0.24209725,0.01652628,-1.06776364,0.37199546,-0.67907875,-0.03649704,-1.25318303,-0.12124783,-0.58060960,0.96714363,-1.32906382,-0.24417818,-0.12470573,0.67501823,0.22286273,0.50163701,0.83114786,1.08660892,-0.55837351,0.11406812,1.02032424,1.46835339,1.16855793,-0.38559821,0.00000000
0.31859913,1.02857282,-0.91450045,-0.03182239,0.72492436,-0.02229279,-0.05045741,1.01469126,-0.41578866,1.07938402,-0.27958560,-0.51530068,-0.13803027,0.78734088,-1.12199392,-0.91074235,1.35433448,-0.97352512,0.20318195,0.23794340,-0.03112661,0.43423575,-0.81051982,0.15798680,-0.38348023,0.48500178,-1.07632937,0.21263225,-0.94418893,-0.66407081,-0.84387060,-0.95148666,0.97713285,-0.64287730,1.28137135,1.40977958,0.21378141,-1.07099663,-0.37635527,0.89319679,-0.39782781,-1.23894835,0.17035473,1.03536255,0.88777916,-0.97463058,0.51829384,-0.83848721,-0.84537740,1.12221532,-0.75099314,-0.71025796,0.00000000
-0.43338143,0.10933259,-1.49803983,1.11200710,0.87778444,0.38198681,0.75079729,-1.04385430,-0.12502922,-0.44634184,-1.21867042,-0.04160854,1.26221895,-1.37982264,-0.62561726,-0.87737719,-0.78556004,1.22530366,-0.09579284,-0.10110176,0.78172693,-1.03652339,-0.03820394,-0.21004436,0.29073207,1.49867311,0.80834668,-0.30640289,0.98265916,-0.98787491,-1.40860894,-0.88665488,-0.47876533,0.03174227,0.34538742,1.23181715,0.02956203,0.00382693,-1.34927097,-1.39526534,0.15347989,-0.18546416,1.01754118,-1.01796125,-1.42508501,-0.15288370,-0.78756433,-1.35115688,0.67379486,-1.16522100,0.32495850,-0.65685075,1.00000000
0.32247957,-0.32835314,-0.97951185,-0.36074543,0.90433733,-0.32371927,0.75230895,-1.12354111,0.81831426,-0.78920003,0.53217939,0.19734466,1.28743415,-0.33803245,-1.30150443,-1.44253354,0.98057568,0.07420691,0.82573216,-0.79672320,-0.46474876,-1.40968838,1.38447697,0.50360372,1.29961526,-0.70351078,0.33439083,0.53549990,-0.54735090,1.04432771,1.34148439,1.15456535,0.71720093,-0.66760596,-0.65515187,1.39008096,-1.46914651,0.64814992,0.61873849,0.36806862,1.47032654,-0.56436169,-0.48008441,-1.26318179,-0.17160559,-0.71685442,-0.46983989,1.00371537,1.30645354,-0.94280078,-0.38247321,1.28589169,1.00000000
0.28122305,0.48913382,-1.31457462,-1.22291842,-1.01162703,0.28563850,-1.04858319,1.40422914,-0.15985642,0.00455388,-0.76002415,-0.08711924,0.48574090,0.75353141,0.76160425,0.23367334,1.21307932,0.95222354,0.77114434,-1.33318343,-1.47936611,-0.86265817,0.49057078,-0.26640753,-0.29278122,1.15376066,1.18668854,1.22752579,-0.55836577,0.57316744,-0.68510046,-0.92817050,-0.94610263,-0.47367714,-0.21012714,0.99284751,-1.14032672,0.70477754,0.09436474,-0.63616397,-0.02154125,-0.60017379,0.28824587,-0.19846823,-1.00678341,-1.15025078,0.14008705,1.20723910,-0.46812694,0.69900032,0.47598406,1.29466474,1.00000000
0.63885753,-0.18560777,0.96294305,0.19981578,0.47109149,1.19515940,-0.30144365,-0.51961588,-1.46756675,0.97965322,0.90294210,-1.18663645,0.23057214,-0.10805491,-1.14387271,1.44170468,-0.85591234,-1.29829746,0.28454214,0.71660003,-1.40266966,0.47615292,0.09687563,-1.19020497,-0.98242837,0.20392289,-0.61092716,1.31494719,0.95622069,1.45070162,-0.72098748,1.40917090,-0.20629839,-0.45744361,-1.34895142,-1.34170423,0.57603377,-0.12621302,-0.82043512,0.34191092,-0.74142565,0.23289526,-0.42237376,0.97065668,0.96208848,-0.06794881,-0.44754267,-0.41232061,0.91714358,-0.51546155,-0.87282188,-1.24593497,1.00000000
-0.69333423,0.67613004,-0.09992064,-0.05360370,1.02272613,-0.83628391,-0.35702618,0.92521722,0.97087083,-0.34616677,-0.12262793,-0.59014233,1.29766464,-1.14406870,1.30124827,0.55159936,0.09471646,-1.40202282,-0.07321142,-0.27675568,-1.01634356,0.46922881,1.41345272,0.18656643,0.64425983,-1.29464864,-0.24699901,-1.15092454,0.33838751,1.31544647,0.48533320,-1.26959086,-0.43600139,0.15199014,-0.29037673,1.00093203,0.94401301,0.33549306,-0.37962616,-0.73399088,-1.18237705,-0.43530695,-0.26048245,0.52746878,0.47447947,-1.28967558,-0.31422205,-0.95466340,-1.02956188,0.98190645,-1.37425435,-0.24245137,0.00000000
1.00825010,0.50713050,-0.99538903,1.13799065,0.17112154,-0.80585809,0.00728186,0.69445908,1.37435403,-0.83866199,1.15854532,1.30291234,1.24926163,0.40624307,0.38946196,-0.29036810,0.75719365,0.09388206,0.53231421,-0.21462629,0.69448939,0.97341455,-1.06069123,0.99878915,0.12088960,1.03399773,-0.20609488,-0.36287854,1.24518220,-0.74649220,1.03263698,-0.04793828,0.04228633,-0.57459516,0.21912660,-0.52436641,-1.38219176,-0.68400418,-1.48086287,1.43506436,1.39724163,-0.31453411,0.68511256,-0.46258170,0.51327947,0.91629013,1.34026873,-0.29936317,0.84989395,-0.70221465,1.47099691,-1.42269120,0.00000000
0.55505741,0.04140013,0.31058642,0.47851794,0.56413667,-1.13883726,1.31558935,-0.95645016,0.36826021,-0.83197176,-0.57835075,0.13937563,-0.24841974,-1.01932320,-0.98719079,-0.24556564,0.77184893,1.19389394,-1.24761701,-0.32068828,-1.19926331,-1.45022256,0.48515605,0.30734833,-1.01094266,-0.79856150,-1.42887674,1.00484162,1.42407179,-1.09362139,-0.80557436,1.10522857,1.27939139,-0.24111785,-1.34813258,-1.38182450,0.22184960,-0.32131467,-1.41404272,0.24975718,-1.46609239,0.86211587,-0.58070153,-1.37922599,0.26505666,-0.30694676,1.42140124,0.13259599,-0.67428246,0.62831659,-0.68552399,1.21272987,1.00000000
-0.28375510,0.36798128,-0.37583409,0.14960569,-1.34828069,-0.22163629,0.99709062,0.91694642,-0.82704432,-0.82176279,0.95191594,1.29119526,-1.21391724,-0.14982408,-0.48763716,1.11206537,-1.24942526,-0.86662217,0.75740501,-1.34611845,-0.02239386,-0.17367890,-0.49679646,-0.31628305,0.08982176,-1.01589792,0.21598763,0.91629699,0.78048279,-1.03830029,-1.05225159,-0.69547690,-0.41677582,-0.27463326,0.53909165,-1.32995870,-1.39598189,-0.32426831,0.59149108,-0.91969397,0.42451344,-0.72051559,1.15825833,1.18706983,-0.60813839,-0.81001874,-0.26608808,-0.77840524,0.51715153,0.97819405,0.51927639,0.97305134,1.00000000
1.04462893,0.11362423,-0.30902351,-1.03104909,0.71385284,-0.41857648,0.51381248,-0.68806817,-1.25631110,1.47774539,-1.03139548,1.46526298,1.43183980,0.88145431,0.47826889,0.23342115,1.09830464,-0.63168144,-0.09695636,0.35816991,-0.26642857,-0.21754064,-0.50914600,0.19269545,1.05172358,-0.89541487,1.30329912,0.56726296,0.96981964,0.16857208,0.83855010,-1.45139881,0.95514127,-1.37958342,1.16974013,1.47588824,-0.61779761,-0.86904433,0.79609009,-0.74092098,1.09668715,-1.19147222,-1.12213441,1.43745467,0.52151669,1.04066167,-0.52701187,0.52945125,0.28272548,0.30945036,0.54759738,0.22607752,0.00000000
0.54620003,0.04339724,-0.21281289,-0.67223192,0.80574399,-0.82118271,0.57706292,-0.80000153,0.37599051,0.74123480,-0.84385833,-1.32017010,-1.10707877,0.31799090,1.04833922,-1.36500954,0.70245378,-0.47604406,-0.06441489,1.28657865,-0.50408549,-0.10398920,-1.45895276,-1.25520384,-0.72422523,-1.41644328,0.39412598,-0.22080493,0.14443561,-0.97605844,-0.61220391,0.49147342,1.39590817,-1.34874968,1.17115296,0.23064360,0.19175870,0.00083561,-1.29181774,-1.23036944,0.30273602,-0.47712429,1.25180420,-0.28022839,-1.07015562,0.64415650,-0.61993974,0.07641092,0.59349836,1.20079233,0.87657358,0.52908320,1.00000000
-0.97172454,-0.51258771,0.53889955,1.33777393,-0.61252771,-1.49666372,-0.68413632,-0.84632586,0.48550376,0.40113480,0.28038415,-1.45126967,0.68633416,-0.52940876,0.49516797,0.16973529,-0.47180722,-1.09627120,-1.21674331,0.99455500,1.25519263,0.44936414,-1.18969766,-0.29391835,0.68681760,0.83946265,-1.14534413,-1.49990784,0.63641114,-0.43021147,-0.73655601,-1.46130759,0.12089822,1.05345221,1.37289494,0.19723485,0.04338398,-1.24483084,0.14661840,-0.36006276,0.32140584,-0.33382096,-0.77910263,-1.21510417,-0.55524467,-1.21006550,-0.96930915,1.46200848,-0.16768933,0.09561530,1.12085559,1.48670670,0.00000000
0.29904963,0.22681516,0.24814335,0.93742146,-0.51917693,-0.58276813,-0.29188884,0.51752179,0.54657507,-0.55428170,-1.10037023,0.39718877,-1.11502241,0.23547752,0.58026638,0.60183449,0.76041633,1.11857826,-0.00012302,0.69074757,0.35751821,-0.94008018,-1.42293107,-0.64637584,-0.17089888,0.35131783,1.04987799,-0.91126285,-1.12335063,1.39043984,-1.17586632,-0.06452679,0.25669119,0.12412326,-1.24190353,-1.32891926,-1.18354972,0.25676305,0.13303466,-0.79877762,0.41332243,0.96020251,-1.37526312,-0.00561017,0.56793124,-0.74306422,-0.57668728,0.34091371,1.19380588,0.92977326,0.24939066,0.69066515,1.00000000
-0.17303232,0.42188570,-0.40553259,0.42289658,-0.10145523,-0.93019159,0.60521482,0.16939391,-0.42413525,1.23401757,-1.43719765,-0.55268055,-1.32935581,0.79958195,0.60632236,-0.50594334,0.52698871,-0.31218832,0.76876137,-0.13744901,-0.26316082,1.30418975,-0.74736270,-1.13865798,0.25362934,1.40796544,-0.36648236,-1.31388971,-0.48208420,0.01779496,-1.01423098,0.47430665,1.49324817,-0.14478157,-0.43581433,-0.29788750,-1.15456146,1.14982080,-0.25552303,-0.33817677,0.47907082,-0.17389974,0.44470041,-1.31566113,0.94117003,1.32151186,0.44629616,1.36369779,-1.04570306,-0.06775143,0.30542020,0.24520994,1.00000000
-0.86909357,-0.25445567,-0.29561466,-0.48574677,-1.11952793,-0.32477265,-1.01201755,0.70309703,-0.87350719,-1.32430408,0.15709841,0.28568920,1.11573918,0.23094484,-0.46355744,0.90903564,0.12083668,-1.26215915,0.19755168,1.22405564,-0.31106212,-0.61102259,-1.06959163,-1.04566343,-0.20168555,0.28703947,-1.25815378,1.31870577,0.76540085,0.25987175,0.98531601,-1.25943973,-0.06948337,0.39027938,0.98595872,0.85040868,-0.66879225,1.32264051,-1.12696248,1.12540086,1.41282075,-0.96853943,0.66619819,-1.37914344,-0.28373152,0.04884990,0.24193568,1.30781174,0.51675206,-0.05616615,0.92902511,1.35159846,0.00000000
0.64933644,-0.17633727,-1.43380155,1.44756382,-1.24160358,0.94316034,-0.65899574,-1.10346103,-0.18043308,0.43186974,-0.35714446,-1.33630378,0.29838342,1.20720983,-0.35035390,-0.85100167,-0.17226796,-1.35491187,0.96146275,0.97902243,0.26400139,-0.44069133,0.89935009,0.16406107,0.97779693,0.39437638,0.85321642,0.29568898,-0.25757680,1.37383758,0.12334147,0.31526856,-0.83853708,0.37695237,0.21482295,-0.94548481,-1.32123871,0.31307796,0.79107681,0.07020411,-0.81968212,0.49956593,-1.25968282,-0.17449889,-1.00989972,-0.94662285,-0.89311815,-0.33987883,-1.34654938,-0.30661968,0.03512234,-0.05011715,1.00000000
0.85209368,-0.30060837,-0.35164770,1.01743982,-1.06401992,0.01709023,-1.31387575,-1.28653296,0.22159755,0.19805527,1.13410054,0.17362103,1.37937306,-1.35391545,-1.20597695,-1.36780242,-0.94416945,0.12381033,0.43671654,-1.36324453,1.33791267,1.02649613,-0.61016255,-1.26843741,-0.99033878,-1.11916676,-1.13014866,0.05568507,-0.76245767,-0.42558085,1.46851600,0.55294275,1.34694200,-1.07233033,-0.35358158,0.16419541,-1.26972581,-1.48743767,0.51130300,0.42545855,-0.26763357,-0.03106777,-0.25367100,-1.42798487,-0.49388518,-0.96875323,-1.20472743,1.37016130,0.29807918,0.68596885,-0.55390877,-0.32055861,0.00000000
0.02575905,0.46643187,-0.78922802,-1.20910299,-0.96290509,0.89254214,0.53263742,0.14078663,-0.07473038,1.26730285,-1.28179516,-0.65819756,-0.45018644,0.84727744,1.47754386,-0.77798846,1.12292200,0.99186828,-0.82602781,-0.30200226,-0.27098139,1.43466201,-0.95732430,0.89747391,-0.49742186,0.69261104,-0.23996699,0.23507929,0.99783532,0.91249669,1.09926955,-1.32114802,0.57615166,-1.08003787,-0.25254430,0.14576525,-0.29178155,0.05883503,1.48957893,-1.09434806,0.52636814,-0.31199710,-1.10097060,-1.02378971,1.34781932,1.13880449,1.22112588,1.47459833,-0.87505383,-0.43368199,0.50765709,-0.04859238,1.00000000
-0.16519969,0.95752759,-0.24483140,-0.42656625,0.28134190,0.22678029,-1.01562650,-0.08478049,0.16041533,0.21086082,-0.86967842,0.72681418,-1.42440272,-0.43550443,0.84063795,0.19167876,-0.71651270,0.58485936,0.20217283,0.88873083,0.70507556,0.33032377,-0.03546697,-1.10045362,-0.71600095,-0.24270158,0.29789786,0.04112357,-0.63544642,-1.48060693,-0.01128233,-0.64312203,0.70382490,-1.42816120,0.25448343,1.32442271,-0.97677220,-0.08505153,-1.22573402,0.37704574,0.15159504,-0.27790343,0.06413106,1.18972398,-0.91111709,-1.43230646,1.08499465,0.23135125,1.17197537,0.29083567,0.93048327,-0.21097991,0.00000000
0.25890553,0.37157596,0.74957979,1.23912440,0.21636889,-0.95764455,-0.69360715,-0.90406627,-0.75942892,-0.58075365,0.16540136,0.26397489,-0.22050076,0.34626234,-1.25527522,-1.23663529,-0.98451162,0.05423249,-0.85801596,-0.65014679,-0.29906149,0.93559837,-1.45841359,0.44813646,0.50662959,0.89596734,1.29825882,-1.43958645,-1.03864888,1.15851388,-0.12444431,0.19377192,0.48908161,0.53719981,1.29522121,1.49084825,0.66047238,-0.63833637,1.13925721,-1.35233726,-0.80675744,1.19215715,-0.73142546,-0.83804682,-1.08562412,1.07733527,0.00017478,0.52467961,-0.78280085,0.77412126,0.78001663,-0.56220593,1.00000000
-0.87123228,-0.43229368,-0.26795210,-0.87092917,1.42968307,0.43680773,1.30363164,-0.58984337,0.84567274,0.79757593,0.57496696,1.39691693,-0.31933399,-1.10784803,0.51512658,0.68792940,0.22518172,-0.87954632,0.01336783,-0.56343079,-0.21760042,0.43565573,0.73564423,-0.80332593,-0.28402392,-0.69251529,-0.90410516,0.85016166,1.22775808,-0.38930344,0.75383677,1.19098587,1.03837263,-0.95155983,1.36887564,-0.36997068,-0.48227802,-1.31270602,-0.04147904,-1.17295915,-0.75438054,-0.54917213,0.92647897,1.12646595,-0.59260105,1.07609436,1.07169281,0.79395285,-1.05991466,0.57096854,1.33507219,0.54762144,0.00000000
-0.74992407,-0.58459478,-0.50514945,0.00173795,0.43717513,0.03171123,-1.14014117,-0.56380787,0.90718809,1.08425414,-1.08809990,1.35716026,-0.51353215,0.48694122,0.75547544,0.93583870,1.33724911,-0.56124136,1.07551936,-1.10493929,0.61512272,0.72593319,0.53316972,-0.74305579,1.11912944,-0.99342461,-1.33909563,0.65239497,-0.07357285,1.04729406,-0.34980858,-0.99516423,1.00932658,0.14672889,-0.93241262,0.66115200,0.03334092,0.31293895,-0.11730499,0.98612695,0.98868815,0.62816647,-1.18379587,1.01656159,0.51303894,0.59107250,-0.41105148,1.13783867,0.67611480,-1.16222860,-0.27666590,1.15914109,0.00000000
0.03673709,-0.43149554,-1.35840989,1.38424986,0.53748770,0.39412793,-0.68832223,-0.75362463,1.32617466,-0.60518264,0.82651589,-0.32063461,-1.08223779,-1.46785411,0.13277201,1.42733646,-0.39259142,-0.42842300,-0.46772515,0.06163151,-0.17800535,1.13974388,0.01656238,0.02327351,-1.08488522,1.44821862,-0.75008133,-1.27990780,0.48943875,0.28609911,-0.25456304,-0.23342330,0.85519176,-0.91286208,0.96075996,0.44624134,-0.24309068,-0.12591415,-0.73005838,0.75634300,0.03862423,-0.53743637,0.28815035,1.48720336,-0.19421316,1.26207420,-0.46494948,-1.33580188,-0.88727368,-0.24391457,-0.84109521,-1.49931889,1.00000000
0.21191361,-1.02335551,1.24500461,1.03163823,0.72687669,-0.99655621,-1.13890927,-1.29718575,0.67208757,1.28642388,-0.20839254,-1.14257798,0.03717846,-0.45350428,-0.37552523,0.36399187,0.65615434,-1.16818920,-1.39322931,1.48299091,-0.80181495,-1.33850843,-0.93037401,-1.38312646,-0.32456732,0.90720535,-0.47626665,-0.16744978,0.52676032,0.02668221,1.08433706,1.09810703,-1.47026791,0.83413892,-0.11779920,1.46652162,-0.05030377,1.46068784,0.76370808,-0.75418535,0.11518494,1.47640692,1.07259182,-1.20789932,0.61911599,-0.46326124,-1.47905321,-0.28955709,-0.79573673,0.95660781,-0.48800817,0.98257108,0.00000000
-0.17462354,-0.93739583,-1.49820618,-0.57654255,-0.77650436,-0.79929792,-1.29544014,-0.93862719,0.16664871,-0.62591678,-0.24781565,-0.36939936,1.12771477,1.21589700,-0.02112909,-0.50953215,-1.17959789,1.36020864,-1.31931917,-0.60704917,-0.60580140,-0.53879614,-1.00713947,0.84948429,-1.13250641,0.40471998,-1.12846192,-1.28839309,1.22828851,-0.92961370,0.96375046,0.13389261,-1.26643044,1.36634457,-0.75911650,1.07893604,-0.99356998,1.06182865,-1.46031356,0.03534137,0.80832774,1.30438655,1.22760641,0.95887461,1.16457405,-0.90234094,-0.64744711,-0.63309443,-0.36883821,-0.32003799,0.13366597,-1.02036071,0.00000000
0.26013378,-0.24473473,0.57373999,-0.99730038,-0.56907455,0.01003539,0.88932168,0.71840770,0.43660307,-1.03268022,0.14113604,-1.23766049,-0.36791047,-0.25945041,-1.38056568,-0.67803570,1.36694840,1.36089782,-0.44301884,-1.37069967,-0.96271518,-0.32334662,1.34333909,-1.07640281,0.79054753,-1.17395238,1.44377273,-0.35515050,0.82570362,-0.47222675,0.38300663,-0.92395175,-1.06193694,1.31419242,1.25294183,1.16240682,0.37630035,0.92480463,-1.29288919,-0.49563287,-0.55889063,0.40693597,-0.43212668,-1.05447966,0.28940123,0.94315176,-0.35362952,-1.10319385,-0.90993541,-0.78755008,-0.60030722,0.42838521,1.00000000
-0.04199731,1.07347481,0.30283645,0.58823958,-0.41249405,0.97199296,-0.88773702,-0.09287776,0.90281616,-0.95952406,-1.17041066,1.15105190,-0.47121101,0.55161037,-1.42395419,0.57014067,-0.55169607,-1.33277744,0.32943828,-0.77758855,-0.33957827,-1.25825756,-1.05851025,-0.60606829,-1.23072150,1.23247879,-1.48185887,-0.04841934,-1.13025763,-0.57696273,1.27817868,-1.01491634,1.39749696,-0.88261687,0.72469833,0.14003179,1.15343618,0.16197977,0.10367766,-0.91362600,-1.00131191,1.24946745,-0.51648540,-0.38375324,0.77947098,-0.48352955,1.35618734,0.71378331,0.29228773,1.14268548,-1.35118227,-0.72881192,0.00000000
-0.79165441,0.55034638,-0.10489100,-0.81906438,0.73171556,1.25762409,-0.22868964,-0.47360220,1.38465220,-0.16544270,-0.03285480,-0.44505038,1.22864542,0.20686645,0.78652376,0.93542016,-0.47445287,-0.19891701,1.04541532,-0.41023394,0.88180540,1.32297697,0.36963112,0.72488186,0.91529194,1.03511895,-0.31483999,-1.34620962,-0.29437119,0.52126869,-0.14894884,0.74688945,-0.42905271,0.40423242,-0.94074059,0.74810831,0.13708791,-0.88780683,-0.62426648,0.74582613,-0.05219629,-0.85190568,1.40181357,0.64537506,1.37140450,-0.21868486,-0.07469898,1.19386565,0.07514802,0.62183674,-0.74348137,-0.15982059,0.00000000
0.67450947,1.03250529,-1.12965040,-0.88205989,-1.49716975,-1.38220485,1.43185147,-0.77293891,0.48993213,1.01729910,0.15198138,-1.04056650,0.68434931,0.30075423,0.69375177,0.80923987,1.42623110,0.22068984,-0.47507666,0.44539367,-1.29467787,1.19219195,-1.14185697,-0.51647149,0.94723614,0.29193713,-0.31909344,-0.07969302,1.06364218,-0.47998684,1.10894905,-1.23559671,0.83039531,1.04264290,-0.95454704,-0.20896040,-1.00350068,0.61981239,0.10604330,0.40597004,-0.91053910,-0.86476241,-1.37550802,-0.53379739,0.17923398,1.07380474,0.50078234,-0.19381103,1.35936034,0.65773560,1.29049561,0.08276392,0.00000000
-0.99882782,0.45155329,-0.72328718,-1.34151994,0.67825455,-1.13609101,-0.59167462,0.09741272,0.19324976,0.30174959,-1.00123401,-0.36078779,0.35158268,1.40945659,0.68289341,1.26781127,0.78663617,0.27515091,-0.92392989,0.50005696,0.37013870,0.30740751,-0.03064240,0.08596981,-0.49667242,0.05793808,-0.90733228,0.91552319,-0.94266914,-1.24510113,-0.19126192,0.47492232,-0.18684953,-0.66973760,0.17451355,-0.45899299,1.29860307,1.26793542,0.00711546,-0.51634802,0.71139724,-1.38986117,-0.07569298,-0.49102982,1.26160766,-1.46399092,0.15844463,0.72199074,-0.04494604,-1.24379091,1.41738417,0.05403129,0.00000000
0.46136815,-0.28036592,0.34255873,-0.79017065,-0.04950574,-0.21255152,-1.27531247,-1.18151894,1.01241756,-0.78054014,-0.91512519,0.01473435,0.80624139,-1.31416044,0.23042376,-1.14236867,-1.39061685,-1.34176814,1.00249232,-1.14608255,-1.36454591,-0.18630034,1.03198042,-0.71277487,-0.23486215,-1.38023240,-0.15276446,0.23283924,0.21272116,-0.50271992,-0.55340046,-1.18012914,-0.39960504,-1.20151599,0.79978783,1.39882289,1.41022337,1.09521330,0.30237645,0.60259709,-0.64438259,0.39231126,-0.13305135,-0.05394798,0.77332968,-0.65424493,-0.54588116,1.27392537,-1.33132712,-0.04309710,1.23840240,0.33108902,1.00000000
-0.08281101,-0.79555463,0.13922122,-0.75076746,-0.47017353,1.05614525,0.17765440,0.04422658,-1.20126086,-1.45191553,1.39105557,-0.36904150,0.30963919,-1.26085478,0.54934286,1.29770013,0.22699576,-1.12165403,0.24516458,0.79904164,-0.28075039,1.13951324,0.44604886,1.19774675,0.37051593,-1.10613608,-0.57092487,-0.89461516,1.22647949,0.78120020,0.52919511,-0.59710104,-0.94786568,0.76935326,-0.07752616,-0.82263134,0.34986593,-1.37899844,-0.52148924,-0.09432902,-1.05612500,1.45396343,-0.87270791,-1.10894061,-0.88939538,0.80718340,-0.22348302,0.19624782,-1.43697253,-1.39670607,-0.16252335,0.94996573,0.00000000
0.74175458,-0.56351143,1.15571664,-1.23988030,0.11508931,1.23968906,-0.33608174,0.98869749,-1.09891304,1.30618347,0.75426995,1.32400318,0.52985170,-0.40978820,1.31454352,-0.67329967,-0.50348243,0.60242525,0.79594890,1.28821045,-0.88559277,0.89399411,0.71563816,-1.30861633,-0.33833058,-0.65170363,-0.58652873,1.44884064,0.42833224,0.65302847,1.42985291,-0.36839465,0.90552051,-0.19640711,1.10860102,-0.95802738,1.34305853,-0.84368487,-0.52133848,0.76857670,-0.31873458,0.32463413,-0.16627950,0.72710981,-0.81500624,-1.32462604,-0.60021181,-0.07707401,-0.99593984,-0.43560813,-0.30005095,-1.32782447,0.00000000
0.79070399,0.55695032,0.24992174,1.15303028,-1.04477126,0.29342404,0.49421761,-0.24199596,0.60329276,-0.26780537,0.01391186,-1.47794087,0.57516034,0.48402804,-1.38479737,-0.39524968,1.43709552,-0.23779031,0.00583622,1.22979047,0.65178563,0.24621039,0.89341404,1.09309880,-0.12933578,-0.07467491,-0.34184719,1.40011842,0.59149876,-1.25033080,1.08887887,-0.05832018,-1.29373828,0.14915177,-0.24850716,1.13324821,-0.88801619,0.97939383,0.17306607,-1.33616909,1.41553590,0.03784573,-0.62736944,-0.09177947,1.07357335,-0.58529063,-0.92197081,-1.11278626,-0.60642180,0.84014426,-0.08512090,-0.81755519,0.00000000
0.51724659,-0.72317930,-1.00144500,-0.50181157,1.31977312,-0.47091986,1.46437223,-0.04430863,-0.96250825,1.17342028,-0.11893388,0.62901403,1.45113475,-1.34947395,-1.20991632,0.66137022,-0.65452499,-0.94709581,-1.38191436,-1.43445986,0.82345681,-1.09669972,-0.09683815,0.31769045,-0.21494460,-1.41868004,0.85050451,-1.46846033,0.78566968,1.17991348,-0.20148024,0.10662742,-0.06904982,-0.33237414,1.16227361,1.18180053,-0.49255091,0.34520926,1.28072269,1.38617550,0.02687712,-0.14152558,-0.66391705,1.37661562,-1.07155709,0.23948873,-0.65234920,-0.66297513,-0.28509424,1.49637881,-1.33510108,0.23562545,0.00000000
0.30669989,1.03257299,-1.25228353,-1.03643751,-0.18131117,0.03138039,-0.72362277,-0.55062861,-1.23909894,-0.59034065,1.39967532,1.33412215,-0.49536513,0.21256181,1.22878617,-1.48144853,0.93205071,1.34510866,-1.22602280,-1.01565694,1.38223891,0.11262043,-1.45741010,-0.72710400,-0.15016898,0.57872673,0.69948113,1.48626454,-0.63746640,0.11466031,0.09997064,-0.28306422,-0.99251432,1.43236969,1.05995156,-0.00500092,0.30973627,-0.81821684,0.13136121,0.58491040,0.04550109,1.47085551,0.33402497,-0.38707886,0.81645608,-0.98861247,-0.34645256,-0.45912315,-0.20457871,0.84533948,-0.04748090,0.88204335,0.00000000
-0.38607025,-0.29818048,0.22946671,-0.47379170,0.92993623,-0.78513099,-0.82685106,0.01350877,-0.71745226,-1.47273890,0.44489258,0.03328146,-0.16344656,1.40090554,0.21359755,1.09029473,-1.08164929,0.20761939,1.10393888,0.24931727,0.65404253,-0.38386930,-1.22265145,-0.12629911,-0.31656183,1.10118055,-0.76801409,1.40020268,1.37441436,-0.75710507,-0.45584413,1.18666722,1.39986666,-0.16968269,-0.53700886,0.07828204,0.56330762,-0.67957645,0.70941952,-1.34502793,-1.35211652,-0.34113688,-0.43958042,-0.55310035,-0.02694071,-0.53779925,-0.92322624,-0.57159135,1.42471282,-0.26665975,-0.16586167,0.22963497,1.00000000
-0.20990405,-0.34654001,1.45002231,-0.77519617,0.54384633,0.64795408,0.32197325,-1.23426498,0.53061683,-1.30771587,0.28842795,0.71874353,-0.86709033,1.02486602,-1.40893858,1.03143859,-0.11901285,-0.84723618,-1.09866557,1.35992150,-1.28200324,-0.90271974,-0.45653296,0.36070455,0.13440326,-1.12306952,-0.63081605,-0.78374469,-0.85937144,-0.26656699,0.61209436,-0.84764120,-0.39996336,-0.32724772,1.42936959,1.36399907,0.90041275,-0.77502324,-1.29588806,-0.54928759,-0.69961635,0.01777740,0.83318373,1.07496882,1.03459226,-0.42097332,0.56170303,-0.56149741,-1.31728337,0.60469580,-1.47051734,-0.27245224,1.00000000
-0.63832948,0.67333845,-0.51186219,0.58013262,0.79873642,-0.58771609,0.93488104,-0.61824972,-0.16102092,0.68105558,0.57876069,1.46210542,-0.82451693,0.48695374,0.32904572,1.24529536,-1.03091358,0.75539449,0.20480585,-0.67600239,-0.07669526,-0.49867021,0.23794021,1.16700183,0.20791495,0.39516725,0.05624354,-1.34650348,-0.80142433,-0.02399481,-0.56929415,-0.95470921,0.01239853,-0.53157062,-0.72567707,-0.10804375,-1.10014723,1.28323720,1.10310629,0.62286176,-1.18135852,0.82763176,0.92387198,0.80329385,-1.15810234,0.43172387,1.00297439,0.23206020,0.43922213,-0.12490956,0.08612196,-1.39686942,0.00000000
0.18410816,-0.35658341,0.41688907,-1.25565836,-0.19495622,-0.62203471,0.13628385,-1.09975099,0.57493021,0.88503461,-1.00993665,-1.18706074,-1.06345355,1.13138269,0.08456779,-0.09821701,-1.17986454,0.44866802,1.10399878,0.98455761,0.37816413,-1.27416385,-1.16280892,-1.35207304,-0.72756235,-1.09301560,-0.71985588,-0.34482583,1.32894835,0.33112818,1.00492136,0.63105450,-1.16249061,0.70776122,-0.67470336,0.41732354,-0.47711408,1.49301679,-0.70934556,-0.66260859,1.29201677,-1.42606679,0.59006696,0.67597917,1.00913573,1.42331793,1.42680576,-1.30416973,0.96551797,0.43892980,0.44202640,-1.11495022,1.00000000
0.44480717,0.96462929,0.45056150,1.44744774,1.23545571,-0.18260802,-1.38015608,-0.41311953,0.97917093,0.60449730,-0.12196903,-1.33469539,-0.21931582,-0.09292518,1.28566660,0.42325831,-0.56504125,0.07595479,-1.30183408,1.41770471,-0.41982029,-0.06639794,-0.43414808,0.54753519,0.48669647,0.64596693,-0.69557031,-0.55299456,-1.12424631,0.46652992,-1.38060862,0.29304701,1.10908765,1.17249644,-0.15288672,-0.12208894,-1.26909245,0.51229508,0.96377826,-0.76603484,-0.23609736,1.01651801,1.13136140,-0.77046006,0.15171190,-0.92252055,-1.19436371,1.23336150,0.96152251,0.78010471,-1.35370104,1.03118638,0.00000000
0.34331866,0.37650006,-0.18586777,-0.47281463,0.13942908,-1.22594027,0.76993965,0.24730523,-0.94022971,-0.93530340,-0.94725405,-1.32899284,0.26339535,1.02104453,-1.44750536,-1.35298607,0.21831083,0.95848706,-0.51978333,-0.45115680,0.28903949,-0.67736133,-1.42017490,0.70568555,0.37694974,0.24226800,0.72505239,0.52569251,-0.88235404,-0.44255686,-1.12166957,-1.11042896,0.52858724,1.07580032,1.38819775,0.38504135,-0.94769603,-1.18304896,0.93855291,0.23626943,0.35485506,0.84438627,0.60983168,1.00337476,-1.33135828,0.74256191,1.05255827,-0.64159487,0.42134182,-0.55751381,1.37391320,-1.39972928,1.00000000
0.65604522,-0.68789420,0.23937853,-1.00048936,0.63666062,-0.97232915,-0.79385021,-0.01688757,1.24450485,-0.86485688,-1.06727994,0.77693050,0.00185860,1.23535534,-1.06015633,0.43778368,-0.80136256,-1.02971871,0.55028825,0.28105386,0.76448238,-0.57161227,-0.15608503,-0.28358497,1.45226839,-0.62325313,-0.61554828,-0.43635537,0.19378224,-0.74303177,1.24586982,-0.70294331,1.18744719,-1.18957481,0.46968811,1.22095656,-0.99375168,1.40498088,-0.14134992,1.33714533,0.53046013,-0.59523939,-0.93509243,-0.58879486,-1.22094777,-1.06839610,-1.18601868,-0.23116937,0.88673513,-1.07584934,-1.10903870,0.43028685,0.00000000
0.72043564,0.71357798,-0.90845105,-1.20716989,-0.99945427,1.27119419,0.96441376,-0.43780631,0.46746230,0.11182702,0.53137279,0.54801346,0.38620205,-0.70169589,-1.38298074,-0.13329965,1.17292165,0.20849178,0.99717313,1.47487303,-1.00915139,0.57533292,0.52288072,1.43986634,1.45680220,0.56003584,-0.76915562,0.89566751,-1.17891260,0.84209791,1.23058837,-0.35149982,0.39190588,-0.20957180,-0.18670484,-0.56888733,0.78638886,1.30852969,1.32225258,-0.97565615,1.12423095,0.71229432,-0.74148780,-1.29814616,-0.69600820,1.23662471,0.39953602,0.66316398,-0.72854295,0.65816447,-1.41563548,-0.37403596,0.00000000
-0.17116914,-1.03318041,0.38026005,-1.06171030,0.96901072,-0.79490610,0.45684334,-0.28440857,0.28813079,-1.17764834,-1.44926160,1.22869328,-0.69110997,0.95903101,1.49805090,-0.86570623,-0.70448778,0.48857936,1.39634590,1.24744304,0.00862656,0.88533085,-1.09276244,1.43231455,1.39305970,-1.00881313,-0.60173063,-1.19953501,-0.68484720,0.94786737,-0.36505318,-1.23480910,-0.47332343,1.44415000,0.38905079,-0.25151716,-1.00038446,1.45853039,0.96254703,-0.65556809,-1.28979391,-1.33012333,-1.13886555,0.24230575,1.28629026,-0.00976972,1.02883645,-0.16234014,0.62575064,0.69561821,-0.97810888,-0.41635182,0.00000000
-0.83090277,-0.60135129,0.41190647,-1.28791018,-0.41537944,0.10439840,1.48867348,-0.07639931,0.94817027,-0.20379814,0.88917217,0.28624440,1.15978632,-0.26717234,0.31291326,0.39005604,-0.24785117,-1.06706387,-1.21932178,-1.44998535,1.12060279,-0.79057526,-0.86547975,0.70810620,-0.53995166,0.01813408,-1.01246680,1.37923716,1.05474420,1.09136887,-0.27967875,0.78708364,-1.06837153,-1.47414299,-1.44008120,0.25980521,-0.13381528,0.05404605,-1.47761058,-0.23194014,0.65420448,-0.17191889,0.69665762,-0.80094311,0.93942601,0.26529372,-0.86771070,-0.78983857,0.38409139,0.98981878,-0.25311665,-0.72509871,0.00000000
-0.56357700,-0.09388721,1.10103482,0.50780488,-0.15574354,-0.03629941,-0.88723060,0.38040789,-0.42377247,1.48693553,-0.05944945,-0.04234318,0.19755536,1.25026801,0.90245430,-0.14660979,0.65609780,0.25870650,-0.02289885,-0.92305268,-0.10819121,-0.76254424,1.24452645,-0.49377956,1.35679204,0.09916587,0.39463314,0.12882133,-1.11185815,-0.37253634,-1.20256166,0.36886213,-0.15937741,0.83395491,-0.83858856,-1.00630182,-0.28100331,1.27975615,0.63126545,-0.24322913,0.05181651,-1.24736097,1.45372769,0.49922191,-0.64378779,0.25742518,-1.17155290,1.39751001,-0.97564504,0.44409095,-0.76363661,0.65268415,1.00000000
-0.13563738,0.34464674,0.83046410,0.52025919,0.34349838,1.17740728,-1.26411987,-0.50725570,-0.75513756,1.46404189,-0.33183066,0.69783810,0.55417549,-0.86375629,-0.78300696,-0.65614631,-0.26661817,-0.79702480,-1.44104555,1.13817917,1.39682949,-0.47528884,-0.48447936,-1.47872456,0.54075206,0.97631969,-1.06017510,-1.02100095,0.87024975,0.34887225,-1.36541833,0.36764097,-0.57324683,-0.39382453,0.80919425,0.93280558,-0.29893012,1.34145881,-0.28061185,0.81550811,-0.04836821,1.19259698,1.22328373,-1.23774958,1.30947999,0.97660452,0.87393214,-0.89726598,0.91535763,1.05039820,-0.63254900,1.35678024,1.00000000
-0.61149747,0.68458819,-1.35041956,-1.05027224,0.11274341,0.22737741,0.43545025,-1.44909261,1.38110032,-1.36623572,-1.07081414,-1.45795645,0.20057530,1.29680065,0.49784150,0.96797241,-1.46015639,0.12604590,-0.12131107,-0.00309617,-1.28336044,0.55330608,0.00966124,0.79544655,-0.04412810,-1.05185509,0.44477086,-0.98284091,1.11718369,0.33934872,-1.02838835,1.38701417,0.05509639,-1.28130464,0.38049871,-0.74040328,0.91108036,0.95346622,1.43684207,0.00560859,-0.13512936,0.76042682,-1.10258803,0.14074654,0.13874280,-1.23158063,-0.24604774,1.05985440,1.06846087,-1.20228701,-1.22783735,-0.71191357,0.00000000
-0.93475075,0.02219189,1.12429819,-1.11329224,0.65999041,-1.19650314,0.36941356,-0.43179810,0.86674189,-0.79892865,0.41760549,-0.79295240,0.64098085,1.12103410,-1.11959460,1.09978707,0.28072576,-1.11866853,-0.21737443,-1.01741912,0.60104367,0.77660440,-1.18261044,0.01841956,0.94387517,1.30848912,0.04055360,1.35083767,0.10706691,-0.31742852,1.04460939,-0.02105187,-0.08429247,-0.02906253,1.04035501,0.99582463,-0.28944002,-0.50010042,-0.02421593,0.21831753,-0.78498837,0.88186525,-0.04055170,-0.49786335,-1.17953702,-0.78346452,1.34784352,-0.58470094,-0.99342213,-0.11798163,-0.57873677,-1.39452225,0.00000000
0.64610049,0.94041478,-0.53056435,0.13232587,0.15513712,-0.43032324,-0.15809173,1.39655375,-0.36795457,-0.72531956,-0.76959887,-0.12670616,0.77856045,-0.88203545,0.62788838,-1.43655053,-0.24320107,0.82759520,-0.48380113,0.19121130,-0.88506230,0.72598617,-1.34316269,1.05762793,-0.90541084,1.12319410,-0.44241228,0.66805072,-0.54232411,1.21773501,-1.12008862,-0.96444063,-0.02090962,-1.25418468,-0.91205945,1.33129915,1.42946898,-0.37122201,1.26985806,0.13447403,-0.69077260,0.60719616,0.47670542,1.46737596,-0.70485814,0.51617851,-1.34392873,-1.15906188,-1.48824488,1.49838204,0.90682109,0.86016904,0.00000000
-0.02257928,-0.64100953,0.02917823,-0.59979875,-1.04620715,-0.64597578,-0.37208633,0.76893029,0.11898537,-1.26754912,-1.44591297,-1.19300346,-0.26850386,1.29957875,0.41220744,0.90547770,-0.10087622,-0.41500175,-1.17479888,1.12779907,0.84948009,-0.99564571,0.03678169,-0.03787558,0.37527466,1.33856068,0.23931433,0.12065180,-1.34903120,-1.31127757,-0.93795963,-1.40258768,0.73005869,0.66999091,-1.09183130,1.00823670,-1.03564190,-0.59647324,-0.75306930,-0.38307870,-0.73600870,-0.03314722,-0.27777636,1.45970847,-1.33222095,-1.07345587,-1.34152232,0.37752358,-1.33647217,1.00931921,0.03581589,0.08102287,1.00000000
-0.35260677,0.41763900,0.18478352,-0.98755888,-0.90692909,-0.54354803,0.28048925,-0.86964667,-1.15100482,1.41035066,-1.43405456,0.90809222,0.86410545,-0.60835766,-1.09312015,-1.06311406,0.59229485,0.42841977,0.84823702,1.31244352,0.57578209,-1.03244539,-0.76967215,1.02658119,-0.87208177,-1.28243305,0.60984016,-0.29242093,1.26012016,0.45076521,-1.22874307,1.34356970,-0.72432821,-0.48836253,-0.29321876,-1.34632711,-0.01045373,-1.13004453,-0.29708902,-0.44787064,0.81852025,0.90951153,-1.03976135,-0.40034644,-0.37994052,-1.04576867,0.89536052,0.62168499,-0.92885464,-0.39983427,-1.18258493,0.38461979,1.00000000
0.23470943,0.02058193,-1.13588423,1.45780251,0.84204622,-0.32928435,0.23569180,1.23402545,0.16229784,-0.97650454,-0.36388993,1.02943460,0.43263905,0.45217315,1.10046446,1.18191917,1.25937772,-1.21545242,0.13237801,0.72152856,0.77078054,0.32014861,-0.99963799,0.89226166,0.66033400,-1.24159269,-0.10857053,-0.97806780,-0.48756886,-1.44575672,-0.29901039,0.14963076,0.35874778,0.49047104,1.00887394,-0.85361128,-1.13855453,1.05461152,-1.03016156,1.42428024,1.02761469,0.00262982,1.44426427,-1.20786981,-0.59080272,0.41467325,-0.44997939,1.28511766,-1.30312174,0.14823550,0.27259880,0.45818437,1.00000000
-0.85098659,0.81002040,-0.73300133,-0.40630072,1.03104159,-0.91517169,0.98060354,0.18796627,0.78656253,0.64082210,-0.87746551,0.20643821,1.10316946,-0.20365129,1.39977231,-0.14335470,-1.07164309,-0.33169596,1.35510722,-0.54083745,1.10429448,1.14375205,-0.44944043,-1.25022703,0.67367373,-0.56546310,0.84877084,-0.17203546,-0.04419977,0.83372822,-0.35291001,-0.17061796,-0.37142859,-0.39797845,0.07783973,0.92639833,-0.41469506,0.07276416,0.51218198,-0.69168166,-0.66743159,1.30023938,0.67060372,0.23156003,0.44316016,-1.41210167,0.35430890,0.02852662,0.13724904,-0.42172852,-1.25557831,-0.91998230,0.00000000
-0.42131558,-0.26537509,1.35223414,-0.27390131,-0.09995053,-1.34187063,-1.38730131,0.65154434,0.11428399,0.02611795,-0.77062641,0.73425219,-0.99529026,-0.93019577,-0.11786349,-0.64116041,-0.75761106,0.43571293,0.45291524,0.97355121,-0.24687430,-1.28074473,-0.67900085,1.44001639,0.28877573,0.62921125,-1.47792651,0.05461720,-1.38741403,0.20769064,1.26231255,1.40525739,0.12165803,-0.12538558,1.33505128,0.52082950,-1.30530216,-0.10282327,-0.77926494,-0.09058704,-0.13360328,0.24643441,-0.42968853,-1.00718865,0.01115830,0.99060865,0.49203668,-0.48489640,1.30656907,1.23662271,-0.87195480,-1.38174724,1.00000000
-0.35620897,-0.92933587,0.72392613,0.98283078,1.40359370,1.16950918,0.30160430,0.09015702,-1.41647685,-0.76003066,-0.12115574,0.38551170,0.17175550,0.72790797,-0.66069921,0.19485782,-1.23557327,-0.25900343,0.75048250,0.58020256,1.47192821,-0.66632662,-0.00543210,-0.51140876,-0.17819066,1.07085039,0.55262723,1.14732357,-0.88946668,1.12008335,-1.32071318,1.16579784,-0.51277866,-0.55623710,0.03626573,1.32207056,-1.35665591,-0.44330707,1.06971597,-0.31183657,-0.90252931,-0.22561746,-0.34334250,1.24624860,0.78580313,0.01534667,1.46511170,-0.10416741,-1.32528651,-0.71317703,-0.19178856,-1.02929213,0.00000000
0.94050059,0.10081635,1.34269538,0.80054669,-0.69513840,0.27241360,0.66434747,1.32383679,1.14490605,0.04557668,0.82395786,0.18643426,0.15811167,-1.15577412,-1.12158703,0.08860085,-0.69341537,-1.43688929,0.66851761,-1.40254021,0.28583052,0.11758138,1.40644407,-0.04736058,-1.30919569,0.15506390,1.02328851,1.49054785,-0.20897048,-0.53910377,1.21995989,-0.92627361,0.34628675,-0.28285673,-1.37675291,-0.45813458,-0.70431443,0.55827346,1.34637149,-0.69585844,0.93439782,-1.33392055,0.11436303,-1.28834981,1.30209897,0.79905384,0.47384973,0.97168914,0.44255939,1.40683319,0.64187384,1.27397583,0.00000000
0.06671083,1.14027134,0.05139568,-1.14880676,0.08453316,-1.11938152,0.27748044,-0.05252082,0.36772619,-1.46985906,-0.91547853,-0.02600870,1.35151068,-0.34917288,-0.22688392,0.64408827,0.31137827,-0.60322155,-0.26755081,-0.84690060,1.39806438,-1.10809686,-0.38448965,-1.42248308,-0.83466152,0.84141342,-0.89647430,-1.25980979,-0.07664046,-1.47009230,-1.24570154,0.92287761,0.81442003,1.24541646,1.06354631,0.54952669,-1.34300143,0.84854585,1.03653243,0.89724644,0.02543711,-0.80129448,1.03598993,0.68148843,1.44228352,-1.03292221,-0.82300625,-0.86460555,0.87761930,-0.93927811,-1.30002051,1.49568242,0.00000000
0.50157918,-0.16311259,-1.42554837,1.00573218,-0.40389948,1.02484638,0.16386147,1.20489369,1.27857896,-1.47270546,-1.27376347,-0.74892381,0.50794625,1.16481659,-0.12017415,0.32091935,-0.93450044,0.91490050,1.40198433,-0.69420320,-0.01552215,-1.24165167,0.17740997,0.00835033,-1.06669055,-0.17380136,-0.49768604,0.06549263,0.25696301,-1.47451326,0.78301795,0.63904288,-0.40114084,-1.34119219,0.76479762,1.36552548,-0.77954521,-0.52942616,-0.94856133,0.23080837,-1.03547582,-0.43141817,0.59103904,0.18034795,-0.34061231,-0.23925119,0.18633265,-1.48240582,-1.26447039,1.14377420,-1.26636303,0.62041079,1.00000000
-0.02488956,0.47257252,1.26011449,-0.68794919,-0.38852569,0.20676422,1.14512691,1.32571676,0.71868974,-1.24014072,0.50746247,-0.26908883,-0.08789700,-1.35255483,-0.92681358,0.87154082,-0.13812350,-0.59501328,-0.34794278,1.06319854,0.74699705,-0.68305381,-1.14749448,-0.74400534,1.26226935,0.24476651,0.10044063,0.28918080,-0.40191520,0.92132106,0.06985875,-1.14975629,-1.11280463,0.11057744,1.30971065,-0.57494363,1.10862351,0.79228676,-0.75656267,-1.39097776,-1.19445820,0.68548180,-0.90099079,-0.38618724,0.00509750,0.67640451,-1.16030633,-0.28090078,-0.04478127,0.12248119,0.95508192,-0.98496541,1.00000000
0.23193301,0.32593918,0.92349436,0.57863528,0.16761244,0.59858361,-0.26394678,-1.08480724,0.49729572,0.07401692,0.41812440,-0.48600366,1.22059973,0.26210961,-1.24379255,-0.15058803,0.76906816,0.88240369,-0.01620884,1.18424271,-0.69699469,-0.26820391,1.19579073,1.18877015,0.55713831,1.07694164,-1.23368020,1.09498493,-0.53814028,-0.96500546,-0.78189049,-0.24609448,-0.74642399,-0.53829724,-1.09506454,-0.61146970,0.21685144,-0.17443888,-0.45984372,0.73935639,1.18052991,0.77036767,-0.50399789,0.73332650,-1.04405945,-1.10904604,-0.46311889,0.92310711,-0.76095526,-1.31023977,-1.10487139,1.07623491,1.00000000
0.16012945,-0.25462587,0.40134985,-0.74039651,0.16588748,0.08273887,0.46630794,-0.80043734,1.09320896,-0.57189431,0.58239496,-1.45162606,-0.38202861,-0.44487055,0.13045329,-1.28179121,0.87039412,-0.84665759,0.53111344,0.90963637,0.18563087,0.72264962,0.48558094,-0.43341061,0.92657562,-0.61589589,0.21363875,0.73619322,-0.36313227,-0.59169718,-0.12196197,0.95389048,1.28976529,0.13525024,0.48439862,1.20982087,-1.20435945,-0.80376427,0.62670002,0.97123339,1.07108708,-0.25467847,-1.23198029,-0.18665557,-0.80779623,-0.62641064,0.81680267,-1.27341874,0.98274365,-0.21699274,0.28819179,-1.23104331,1.00000000
0.65327802,-0.77205499,-0.48792276,-1.23089724,1.38463117,0.92178495,-0.12110174,-0.82919236,1.30036532,-0.46621021,-1.01704670,0.18949317,1.33132236,-1.48850913,-0.78562547,1.31534292,-0.98674210,-1.16026965,0.21056165,1.08553147,-0.06867055,1.48369277,0.53751510,-1.27777528,1.47849640,-0.27631729,-0.63779240,0.17363755,-0.58707722,-1.24062748,-1.49571497,-0.15124994,1.01059027,0.21694556,1.49762190,-0.63946006,-0.65863481,-1.02075162,-1.00780924,-0.64444021,0.87852014,1.21727037,1.42526151,-0.80313104,1.14389264,-0.51523473,-1.16147837,1.11007478,0.40831690,-1.00580731,-0.21050623,-0.63822692,0.00000000
-0.60300141,0.09224841,0.71038371,-0.13975131,1.46783984,-1.33576505,-0.43495420,-0.05429950,0.00940066,-0.55219253,0.68772075,1.12424122,1.31615791,0.91528013,1.05174059,0.15163590,0.97766468,-0.58948827,-0.30456371,-0.54926096,-0.09783799,-0.64326115,1.38483433,-0.56146612,-1.20586639,0.08045150,-1.32870276,-1.16837050,-0.84183183,-0.10694925,-0.20024720,0.89907559,0.71842396,-0.22104512,-0.49888738,-0.55059365,0.82198526,-1.34378278,-1.46153505,0.88663318,-0.06856087,-1.10735658,-0.79330220,1.29751186,1.07850893,0.62935515,-0.05332431,0.06097088,1.42573361,1.39731133,-0.85419286,0.93331370,1.00000000
0.94607262,0.08916036,-0.90827200,-0.85938757,0.52827910,-0.28499670,1.29463322,-1.23297080,0.03457692,1.25556459,1.21234098,-1.03041236,-0.40008690,0.35736420,-1.02181535,1.40406652,1.24424799,-0.99914946,-1.13653362,-1.24377455,1.22833099,-0.91912857,-0.25114521,-0.15344590,0.29703313,-1.28479397,-0.81972415,1.29447116,1.22523032,0.84387194,-1.44179626,-0.51897969,0.38387621,-0.67442936,1.22876009,0.40166839,-1.28427985,1.22701677,1.37329997,-1.26686274,0.09708070,-0.58990715,-0.32148277,-0.96104635,0.23421631,1.37393806,0.00921780,-1.25125626,0.36000400,-0.47933102,1.06777557,-0.19596556,0.00000000
0.77979570,0.37576569,-0.92148117,-0.92668313,0.80629254,-0.70323721,0.80170018,-0.88233807,-0.53494089,-0.10353908,1.32958755,1.29519427,-0.87938437,-0.42534288,-1.05180183,0.02995524,-0.11825235,1.20228049,1.29001613,-0.34929783,-0.02478617,1.18870875,0.92012342,-1.48903107,-0.53982131,-0.23467727,-0.81085115,-0.90128515,-1.38664648,0.43010918,-0.71246913,-1.34295846,-0.80706207,0.90574186,1.05446754,-0.05080126,-0.25178799,1.43356108,-0.89830602,-0.85392215,-0.62439847,-0.98172805,-0.36190321,1.23250268,0.34604352,-0.26416035,1.30323238,-1.35460730,-0.86917147,0.19766582,0.34665787,-1.38132748,0.00000000
0.34755588,0.09936123,-0.29088373,0.44746189,0.59421164,0.41441971,-0.53831033,-1.21943963,-0.21866266,-1.11373669,1.34287098,-0.07448740,-0.54822248,0.79891221,-0.00615422,-0.56989793,0.93590323,1.10145645,0.51902450,-1.35910673,0.19896864,0.78988474,-1.09049096,-0.81398775,1.14748532,-1.43963483,0.75818141,-0.07868012,-0.15968352,-1.47871040,0.95819469,-0.42052530,0.12229689,0.53190206,0.60788873,1.36794018,0.09401986,-0.30084135,1.36111088,0.42633071,-0.60554893,-1.12060726,1.02766350,-0.41345519,0.48140916,-0.08755074,-0.90321066,0.30505983,-1.31795079,-0.25997262,0.13984482,-0.19185908,1.00000000
-0.01227887,0.56488932,0.74601653,0.98377486,0.81372922,-1.38356116,-0.91761369,0.10982253,1.30446612,1.00487033,1.02760353,-0.59037542,-0.21165631,-0.08788216,-1.02788525,-1.40679561,1.34070870,-0.77786224,-0.78015329,-1.24986284,1.28552326,0.23921134,0.50111057,1.23473066,-0.46313949,0.36452193,-1.38360164,-0.93968242,0.99373742,0.80030507,-0.44807193,-0.36956812,0.10066330,-1.49927699,-0.77626699,-0.87530457,-0.74855116,0.91771753,-0.66097843,-0.92543603,0.01279038,1.09693511,-0.77595089,-1.26439127,-0.43078579,0.74295547,0.15207163,0.95038011,1.37877644,0.87798743,0.31140924,-0.01997524,1.00000000
-0.26424604,0.37959231,-1.37979274,1.45296594,-0.34955663,-1.04331536,0.50012657,-0.64713513,0.25733481,0.26030372,-0.16281054,1.00835585,-0.70509882,-0.15410223,0.11307639,0.49087416,0.85191555,-0.31557815,0.43814083,-1.04816714,1.29794430,-0.35082358,0.68856427,-1.43897675,-0.88443857,-0.03875237,1.13475740,0.08176545,1.28961145,-0.04860931,-0.02865271,-1.14075963,0.90796873,-0.75910376,1.19883747,1.23247266,1.32993034,0.06069147,0.53128135,0.83554764,-1.10695614,0.30287158,-1.39710630,-0.00730175,-1.03547196,-0.95123122,-0.40485730,-0.20268850,0.36951727,-1.27671474,0.01107528,-0.95212461,1.00000000
-0.52032097,0.93671312,0.22192553,0.41221384,0.17012777,0.71488653,-0.49317227,0.79531977,-0.20169875,-0.04744651,0.44430638,-1.44492485,0.46198266,0.35575545,-0.57045865,-1.24261715,-1.22719365,1.26967124,0.56783796,-1.11869216,-0.42983049,0.27744898,1.00671512,-1.36901721,-0.79010061,1.16924697,-1.47250335,-0.89580269,1.37707253,0.34020554,-0.71498590,-1.29902672,-1.41542598,-0.76576476,1.14445746,-0.25225904,0.66100011,1.25485511,-0.27587862,-0.92616789,0.05135379,1.22425106,0.91312324,-1.30251047,0.57771840,0.21569257,1.22238953,-1.13255575,0.10210834,1.13838808,-0.26992864,-0.05401525,0.00000000
0.17135492,0.45427056,-1.28861797,-0.66556908,-0.52648005,1.33536735,-0.65199792,-0.11739379,0.51391327,-1.01344988,-0.04067284,0.71561712,1.10056564,0.37877782,0.50716055,-1.12114958,1.33732949,-1.10227777,0.82401881,-0.70555103,1.30077943,0.65987862,0.76144114,-0.84282248,-0.17088007,0.35343958,0.80992085,-1.18812187,1.38709595,1.17066201,-0.68895423,0.96828073,0.05497177,-0.11458056,-0.55669768,0.24290576,0.68966735,-0.26720129,0.38765758,0.59793876,0.63336545,-1.34410171,1.07924342,-0.12524006,-0.71275175,-0.77470648,-0.05095766,1.16049462,-0.36495725,0.74917724,-1.20954381,-0.07182989,1.00000000
-0.46569176,-0.01708318,1.47505842,0.81131341,-0.86841453,0.00432442,-0.79912571,-0.27131722,0.84025207,0.81367445,-0.81569887,1.26666995,0.27770455,-0.36022713,0.00580674,0.31521376,0.17967160,-0.04078489,0.01479841,-0.97076427,0.93819871,0.12528096,-1.10676041,0.79847130,1.29733194,1.34192070,-0.39294680,-1.09344938,0.05519888,-1.16217231,1.30196226,-0.94926112,-0.74170242,-0.28009042,-0.35050659,0.88398868,-0.13104954,-0.98769522,-0.69837031,0.02734016,-1.05763825,0.33496703,0.19724192,0.64410695,1.31311385,1.23676368,1.33822685,-0.76585321,-1.10530408,-0.59316990,1.18525552,1.41616042,1.00000000
-0.83134538,-0.31646850,1.07797485,-1.16994684,1.34228399,-0.22992592,-1.47206913,-0.17281878,-1.36179249,0.13163376,-0.48433792,-0.07969520,0.33951108,1.10640329,0.48570473,-0.19785339,0.95828356,1.21674641,-1.14072010,0.09579893,-0.64646412,-1.35881641,0.50564009,1.08831233,-1.01129204,0.93724097,1.06018720,1.24302133,-0.70414473,1.21185920,-0.53801174,0.15701404,-1.34847759,-1.36835673,0.66111964,-0.16656007,-0.73112287,-0.92875951,0.50986047,-1.49879537,0.91767351,-1.26225118,-0.92553116,-0.34129081,-0.04542378,-0.43501465,-0.53786351,1.39174804,0.42473904,-1.42970113,-0.20947227,1.12502610,0.00000000
-0.83570333,0.27151593,-0.59563144,-1.21633097,0.77515431,0.31804150,0.21093752,-1.33927032,-1.07850297,0.36764819,-0.87652848,0.01221024,0.13464506,-0.64947843,1.34527547,1.02739232,0.66712052,-1.26601840,-1.18160994,-0.02165596,-1.01785995,1.43479639,-1.02443930,-0.03759649,-0.40763683,0.41815926,-1.11289077,-0.20905072,-0.67588490,1.16325457,-1.37824286,1.24118248,0.99898242,-0.60728785,0.86787196,-1.40635932,1.40059665,0.07978483,-0.59015692,-0.41225036,-1.30078394,1.46804854,-1.38212416,0.46472137,-0.17179222,1.34674865,-0.76200078,0.09626047,-0.05293137,0.60859933,-1.29596930,-0.91863261,0.00000000
0.18510611,0.44135702,-0.85630554,0.71445226,-0.93258391,0.22047529,-0.85426854,1.08487485,1.32655636,0.05547892,-0.44307335,-0.79782667,-1.35065700,-0.69449977,0.46270734,0.10085079,1.33212383,-0.31116821,0.58159003,-0.03203176,0.03772865,-0.69667706,-0.13514767,-0.08764501,0.61992757,1.32192000,-0.51203617,-1.37339859,-0.01111462,0.13338400,-0.99467835,0.78139382,1.45478733,1.33732415,-0.90868188,1.12608972,0.61348091,-0.13846031,0.12183298,1.04880052,-0.05959518,-0.38037789,-0.02025752,0.23738941,-0.93276704,1.20272319,0.52256085,0.39980675,-1.20151132,0.31252181,-1.13711801,-1.26390697,1.00000000
-0.19274956,-0.25435030,0.08193269,-0.29164340,0.26643081,-1.23233350,-0.20705081,-0.97563985,1.46130026,0.18345064,0.56231058,-0.52374516,-1.21578326,1.42761259,-0.64122289,-0.22857544,0.44959177,-1.42590811,0.93077739,0.10973457,-0.66534844,-1.31517604,-1.01250475,1.18510158,0.55807267,-0.75029484,-1.30319771,0.57184594,0.21722318,-0.28644143,-0.40916565,-0.84955717,0.50883377,1.41200408,-0.97285426,0.29134986,-0.22744483,-0.15993383,-0.73755816,0.97540463,-0.04423319,0.13021756,-0.58571726,-0.95457460,-1.24226884,0.64235742,-0.91129715,0.57022606,-0.32887066,-0.25267560,-0.09246751,-0.39687448,1.00000000
-0.81237417,-0.51649899,-1.19814007,-0.57110457,0.49120308,0.49735320,-0.64132708,-0.11969212,-0.91965832,-0.86888376,-1.43085873,1.19023965,-0.86788000,-0.81739837,-0.66119570,-1.11777578,0.41778865,-1.27457114,-1.09739272,0.43427018,-0.48101814,0.62384348,0.17227423,-0.73193648,0.45248385,-1.15117896,0.10923115,-0.18855568,-0.69637925,0.31201499,1.11400078,1.49671410,0.32328831,-0.28588238,-0.82437870,-0.72871173,-0.06163507,-0.39816690,1.24144357,-0.39511360,-0.37966623,-0.34939646,1.00986063,0.45236496,0.34250655,-0.49757093,0.95371253,-1.38490842,1.11239152,0.03824970,-0.30524930,-0.00849816,0.00000000
0.56412279,0.35399802,0.50224659,-1.46170372,1.11465557,-0.15978142,-0.47110044,-1.08526330,-0.18160388,-0.01103169,-0.28905992,0.53598028,-0.23731041,1.38425273,0.29783255,0.92243381,-1.17193229,-0.30812612,-0.48945690,0.20844716,1.08334056,-1.26498535,-1.28227561,1.05095312,-0.86144974,0.50625976,0.12863440,0.99868078,-1.12473327,-1.11065110,0.17045508,1.33913596,-0.25500672,-0.51917370,0.32006797,1.29134580,1.01078350,1.48645083,-1.43229425,-1.16142557,0.32840329,0.96172932,-0.64426697,-0.78236674,0.86092740,-1.33085444,-0.39185206,0.01742767,0.18104602,0.68584547,-0.43546283,0.33805303,1.00000000
0.74458948,-0.45218821,0.25612627,0.14284830,0.42144988,-0.72165249,-1.24605374,-1.14218498,-0.82625285,0.00059381,1.02132825,0.60388003,0.86712181,-0.44707313,-0.28603878,-0.31895434,-0.92438045,-1.31635003,0.27274828,1.46765005,-0.99951089,-1.35994554,0.83859505,-0.74224198,0.98893142,0.61181000,1.33702061,-0.27321829,0.48590952,-0.10543566,0.39176609,-0.15120328,-0.93410326,0.02369225,0.08575260,0.93181154,0.70656212,0.49137487,-1.15983871,0.66184887,0.00091547,1.18229861,1.25961280,-1.33453023,0.96192468,-1.38690783,-0.39849112,0.12689993,-1.05569760,0.73894144,-1.47493589,-0.99420285,0.00000000
-0.52637540,-0.27781437,0.24239049,0.64316269,1.24992931,0.61648996,0.51533781,-0.31697656,-1.49614672,-1.13952222,0.10366363,0.52538966,-0.24765515,0.69203703,0.06558689,-1.27747141,-0.92395125,1.01999467,0.67473824,1.18428596,-1.14732825,1.47066760,-0.87177986,-1.46466037,1.49226882,-0.65677834,0.50405836,-0.96995306,0.24068560,1.21210496,-0.53945650,0.51076193,-0.93628923,0.37438620,-0.49064894,-0.86637522,-0.56045385,-0.96347679,1.20574832,-0.30843934,-0.76416209,-0.15477648,-0.53839150,0.73325776,1.41365974,-0.18589903,1.08310020,0.19758922,-1.02829300,0.57186823,0.04030349,0.45181957,1.00000000
0.24580386,-0.46868004,1.16906224,-0.17869629,1.20353287,0.75200704,-0.03418522,0.30966641,-0.52325660,1.45079190,0.50205349,-1.36845944,-0.52013428,0.36994330,-1.33100017,-1.42834743,-0.14992728,-0.50192946,-0.18510418,-0.71192007,-1.00584676,0.56743007,0.04371335,-0.89953737,-0.54123172,0.27542372,-1.28331196,-1.05764097,-1.28026319,0.93695200,0.75722770,0.75993880,0.64897603,0.50815627,-0.06902425,0.42683449,-1.38491534,0.36439327,0.83363312,0.00107508,-0.42746001,-0.66771980,0.42840615,0.57840360,1.11290280,-0.47299775,0.80931692,0.18406747,1.14850947,0.08343632,0.05288949,0.23363124,1.00000000
0.43782583,-0.31968284,0.74794607,1.39407144,-1.27930994,-1.33969619,1.31265101,0.08962688,0.34470904,-0.05272920,-1.21902764,0.80426814,0.74167394,-0.56489004,-0.58128226,1.01352414,-1.28292823,1.14331545,-0.73001493,0.27895424,1.30798254,0.53436750,-0.25671056,0.56860263,-0.46806109,-0.66822475,1.49004983,0.75237069,0.43415993,-0.43413107,-1.35251751,-1.40682937,0.16254377,0.78609816,0.11213757,1.02235522,-1.39972040,-0.39974377,-0.78878883,-0.15818110,-1.28287082,1.36239492,-0.83023380,1.26692333,-0.22232053,1.45657240,0.16217515,1.29249859,-1.48395303,0.74471642,1.20915196,-1.08083830,1.00000000
-0.17844796,0.44361408,-1.21162244,-0.22628218,1.30103672,0.12715968,0.08236939,-1.07662165,-1.49763147,0.93042027,-1.23727631,0.40154946,1.24384936,-0.87404426,0.49581851,-1.26390427,0.31126543,-1.00820484,0.70786068,-0.59630612,-0.10982697,0.29829163,-0.98617977,0.72491346,-0.59207898,0.48711558,-1.02515085,0.56435298,-1.11543578,-0.22393051,-0.75838178,0.74512575,-0.71389499,1.14515192,1.17546063,-0.91067605,0.34153784,-1.23684707,-0.32538870,0.63996519,0.47826974,0.37410201,-0.65237741,-0.36592515,-1.19116157,0.65706846,0.01166639,0.62629690,-0.75316943,-0.52668531,-0.49735399,-1.42277277,1.00000000
-0.75889801,0.79638932,-0.47685638,0.90991372,1.19189549,0.05465495,-0.13349491,-1.40752614,1.13761301,-1.46096936,1.33425024,-0.03235125,-0.47419652,1.27265530,-1.42682702,0.24427468,0.14679757,-0.84203880,-0.21333771,0.45679202,0.68139359,-1.49784942,1.31056029,-1.00642388,-0.79925870,-0.70957966,-1.38653959,-1.13084363,1.45904977,-0.55434979,-1.15409673,-1.17902622,0.65837990,1.06370599,-0.72914310,-1.43727146,-0.83072994,-1.33045293,-1.18981519,-0.20547564,-0.81024489,0.04783764,-0.73951874,1.32161190,1.21783190,0.20041832,-0.43672802,-0.35655935,-0.26444315,0.68273797,-0.14508301,1.07018984,0.00000000
-0.00927170,0.75170676,1.33228436,-0.49216154,0.18208344,-1.21483039,-0.89859286,-0.25960270,-0.88139185,1.12968147,-1.02514123,-0.13301754,0.31709772,0.57559172,-0.35079189,1.10729721,0.20495745,-0.18147666,-1.29827810,-0.10593159,0.96220752,0.34362305,0.99648736,-0.01796499,-1.14461488,-1.45908046,-0.59034136,0.59397141,0.87077971,-0.61274150,-0.01303824,-0.23664329,-0.26843165,-0.80595386,-1.09088668,-0.90993433,-1.33400284,-0.90560777,-1.47239731,0.38177520,-0.55087378,1.41943413,-0.91884885,-0.46251429,-0.42647652,-1.47464551,1.01762386,-1.40401662,1.32053950,1.17622305,0.10656575,0.13078672,1.00000000
-0.81137716,-0.34800803,0.46133377,-0.33884996,0.44166685,-1.36569483,-1.33785712,-0.12830874,0.14886690,1.16345292,-1.18601810,0.96794378,-0.86985799,-0.31774905,-0.55019270,-0.29953418,-1.04851351,0.01071022,0.90492777,-0.17539797,-0.02815927,1.04630276,0.61817434,-0.02863677,-0.72691306,1.15478024,0.23106121,-0.83655717,-0.69264074,0.90939927,-1.36756331,1.47627656,-1.10894496,0.88820558,-0.31567405,-0.02335145,1.14195173,-0.26126643,0.11248126,-1.35210101,-1.49295758,-0.76560038,0.54174928,-1.13620532,-1.15871412,-0.26711818,0.44351112,0.63621598,-0.96464798,-1.26123556,1.32119110,-0.71800085,0.00000000
0.99126899,0.53427485,1.06003949,1.09047435,0.81756778,-0.99349918,0.96540438,0.80775168,0.29016897,-0.48839389,-0.71247419,-1.13433236,0.02927120,0.25578263,-0.42198303,-0.07392280,-0.40945663,0.42301817,1.20377762,-1.00823921,-0.35577357,-1.07739419,0.37483131,0.68661153,1.29573820,-0.66338422,1.35063362,-1.31021198,0.30904159,-1.32860184,1.18132256,0.08942717,0.50804505,0.99472178,-1.04906813,-1.38422531,1.13664344,-0.55520032,-1.11306328,-0.09461629,0.29491823,-1.40708819,-0.67531303,-1.40160038,-0.23899383,1.18530009,1.44795723,0.41114266,-1.01508692,1.21754817,0.04874347,-1.03875206,0.00000000
-0.45840709,0.95657191,1.26518001,0.77240715,0.69511582,0.62754211,-0.89898054,-0.86697992,0.56487900,-0.84083175,-0.18398491,0.84600548,0.85185755,-0.14021468,0.87656981,1.01586539,0.46432725,-0.81472244,-0.67796466,-0.55547653,-1.14958768,-0.68052114,-0.87144233,-0.13401375,1.22531264,-1.18655905,0.66080377,0.56184901,-1.21273740,1.26771721,0.20541661,-0.40882344,0.76961575,-0.72790362,0.58052951,-1.38086638,1.01822411,-0.15548746,0.41007874,-0.83628654,0.53122114,0.81672083,-0.08036044,0.35318077,-0.13102223,1.18227411,-0.00639246,1.02542613,0.90405617,-0.26848554,-0.80974652,-0.28175360,0.00000000
0.09951540,-0.97152685,0.97865213,-0.81710239,0.07330904,0.91829024,-0.43956757,0.42662891,-0.76310528,-1.17216166,0.88315268,-1.20309413,-0.68585581,1.06532827,-0.46059214,1.41913605,1.43920300,-0.69517194,-1.37706533,0.61518985,-0.14704049,-1.19774147,0.62256846,-1.40647527,1.11059007,-1.08404241,-1.11806436,-0.97298311,1.38079908,0.57950808,0.90411461,-0.30709504,-0.49106182,-0.79654798,-0.05805592,0.15548620,0.39532453,-0.72864449,1.34596224,-0.99072451,1.39695952,-1.45543163,-0.05662292,-0.49989649,-0.15262976,0.21199374,-0.19323253,-0.25545945,0.69817025,0.55762883,0.99981385,-0.75012306,0.00000000
1.05825201,0.42338852,0.32858553,0.25558436,-0.39078657,-0.04182737,-0.55865357,-1.07446681,-0.85859637,-1.18345906,0.54920873,0.48218218,1.35181911,0.68903524,-1.34386248,1.15273552,1.08802549,-0.17003904,0.25758915,1.42823500,0.09691309,1.21596549,-1.25088373,-0.92684439,-0.17773517,0.25427043,0.94868356,1.46478635,-0.33344551,-1.35775309,0.90351451,0.31314216,-0.90437142,-0.01551463,0.72693074,0.81123536,-0.00114476,-0.58435641,1.42122775,0.49008783,-0.27528744,-0.65861033,0.69330895,-0.77344966,-0.98487003,0.08950167,-0.63003782,0.38671543,-1.14618398,0.46482331,-0.65011042,-1.49927120,0.00000000
0.85220007,0.51670371,-1.11919183,1.30084613,1.10206392,-0.79917290,0.83511571,0.32571478,1.41271413,-0.37918302,0.54438184,-1.30939283,-0.31125796,1.39145298,0.11694262,-0.63636149,-1.13918711,0.61058502,0.43456813,-0.37818386,1.35282406,-1.43339156,-0.58882845,1.26320846,-0.53719369,-0.74324150,0.10266123,0.97140525,-1.19055972,1.32906213,0.88521864,-0.95624923,0.63602388,-0.34512383,-0.29311597,0.84987028,1.38835442,-1.12003238,-0.23810929,-0.05717518,-0.37106455,-0.41043263,-1.34319400,0.55661586,-0.19135675,-0.91561859,0.94810051,0.90768224,-0.04082512,-0.60464802,0.41427818,-0.63554359,0.00000000
-0.60007098,-0.72162428,-0.79197621,0.69154396,-1.37902428,-1.21569459,-1.47963548,-1.04117044,-1.29302997,1.48740710,-0.63357009,-1.05219596,-0.77701123,1.30837671,0.06048067,-0.40554571,1.12017437,-0.31502919,-0.49497429,-0.87815243,-0.36660953,-0.54994693,0.53191188,-0.63125189,0.23159924,-1.30232350,-0.92613253,-0.27778419,1.31084776,-0.36824404,0.49222236,-0.73473833,-1.11889927,-1.32439020,-0.58375950,-1.02701692,-0.97796866,0.78227793,-1.45248579,0.17343038,-0.36161586,0.01965000,0.18849071,-0.55989692,-0.61467342,0.70020555,1.11383096,-0.92225510,-1.20714372,1.19338742,-0.45031361,0.15395217,0.00000000
0.05189306,-0.44036324,-0.42137057,-1.12259299,0.26799493,0.07542256,-0.89101932,-0.14439287,0.89084251,0.27127831,-1.20924802,0.14406449,0.60821490,0.87811022,0.38735274,-1.04202551,0.63051980,0.53202554,-1.42671935,-0.26475700,-0.50114926,0.50823619,-0.85159256,0.27261577,1.23961789,0.89340712,1.26437321,1.43551790,-1.46798962,0.36822383,-0.26148181,1.07956347,-0.74455589,1.44308847,0.34112391,0.88061221,-1.24320134,-0.94962635,0.77521102,-1.43404043,0.95063396,-1.45815294,0.47135652,-0.40471824,0.33448456,0.58809422,-0.47257434,-1.17611266,-1.29106240,0.26680807,0.06196606,0.72660303,1.00000000
0.17488534,-0.47699305,0.02920653,-0.23266263,-0.30573847,-1.42065929,-0.49332839,1.42806047,1.12066673,-0.51186580,0.26338622,1.04189024,-0.17617699,-1.44612641,-1.27646861,0.03117816,1.40831813,0.57962863,-1.28725143,-0.93191737,0.81396943,1.02431928,0.35308376,0.43326951,-1.41498765,0.98559078,0.86482562,-0.72289457,0.62603016,-0.85543618,-1.37900952,-0.89659037,-0.96411337,-0.48675601,-0.24465151,0.02561667,-0.06973837,-0.68797618,-1.41248799,0.31530487,-0.31276551,-0.60398353,1.10082313,0.74022992,1.07329665,-0.01505162,-1.10720624,0.58866431,-0.88177866,-0.17631099,-1.30499763,0.97592521,1.00000000
-0.58155040,-0.68511328,-1.12217808,1.20929252,1.09269181,-0.10625171,0.73310461,0.35833522,0.90922693,-0.20458470,0.85742545,-0.11262955,1.32289736,-0.04088370,-0.11214218,0.85521558,0.96473308,0.16346734,-0.96060656,-0.09672531,1.40421751,0.75895858,0.93348781,-1.40152350,-0.09642161,0.43986340,0.99009805,-1.35217904,1.05731666,0.14520281,-0.90805809,-0.54823435,-0.65421134,0.09257710,-1.34494296,-1.02439152,0.93807913,-1.10218803,-0.79981119,-0.13988818,0.05136266,0.79083144,-0.15800272,0.86959386,0.35503892,-1.16070078,-1.03100568,-0.18889882,-0.30933182,0.73063281,0.24221142,-0.33560076,0.00000000
0.50495102,-0.13996338,-0.98771915,-0.81948869,0.22650306,-0.22968359,0.04478253,-0.98796769,0.48871876,1.05761622,-0.72618148,-0.02545732,1.42658199,-0.50027478,0.28513903,-1.22941290,0.31804501,-1.23110468,1.37770631,0.64698796,0.86447936,0.61231308,0.26918711,-0.15026166,1.07512014,1.37050700,-0.00289148,1.29460515,0.24999873,0.11515256,-0.13655180,-0.87213672,-1.48884102,-0.77548132,0.02916951,-0.36012014,-0.15454432,1.44194466,-0.44918289,-0.14345118,-1.09945335,-1.35612680,0.82622854,0.21204953,0.78211442,-1.05041160,0.21548631,-0.73907258,-0.81581455,-1.46542196,-1.10897783,-0.57219567,1.00000000
-0.63660767,0.24493646,-1.14936372,1.45757532,-0.57410205,-1.10902816,-0.90275306,0.26310969,-1.30786943,1.08730239,1.38449904,-0.75975774,-0.14971419,-1.43359665,0.42213067,-0.25822183,-0.68982460,-0.87948867,0.46206923,-0.25134891,-0.96102213,0.56732724,0.19521685,1.07601616,-1.14757230,0.85699981,0.52055036,-1.15496719,0.58446219,-0.17535813,1.33495436,-1.07516595,0.42850017,-0.35405986,1.37044401,-0.51007531,1.38655773,1.20445755,-0.68885029,0.91062533,1.48681261,-0.74201099,-0.18966849,0.06054221,-0.61520659,-1.45420548,-0.83961227,-0.65418935,-0.16920090,-0.98669256,1.11976307,0.61473340,1.00000000
0.48997233,-0.35004858,-1.24439857,0.45027735,0.46096943,1.36866352,-1.49093739,-0.75620265,1.28337444,1.29640175,0.66175926,0.79728996,-1.22555113,0.04162750,-0.80525103,-0.95634587,0.93090990,-1.09488559,-0.09404509,1.31573472,-0.94250383,1.43398027,1.48286396,0.16685146,-0.98957178,-0.55168534,-0.22652150,-0.57202733,-0.65809326,1.41668913,-1.03990552,0.69998373,-1.49876913,0.28854801,1.24782901,-0.63619772,-0.94342207,0.45503938,0.63780422,0.56409156,-0.54204936,-0.74339279,1.36775640,1.26989852,-0.12805017,1.03858160,-0.14302957,-0.22683295,-1.02971116,-0.22078183,0.11225082,-1.43248702,1.00000000
-0.44927157,-0.15919841,-0.16766098,0.84406866,0.54013817,0.40547097,1.22866629,-1.44590397,0.17114276,0.86204655,0.12400615,-0.52831334,-1.09124830,1.16268922,-0.08771282,1.13434559,0.25755637,0.52257635,0.91278346,0.47746663,-0.30583548,0.04090015,0.90913657,-0.37904911,-0.33563563,-1.21292965,1.24375331,-1.22689106,0.44462753,-0.26041656,-0.28314183,0.53865551,-1.29871880,0.28111735,0.81609536,0.98463827,-0.98840883,1.19225715,0.46843828,1.14556440,-0.04415785,0.12610004,1.25711483,1.19972863,-0.15551738,-0.67676211,-0.32048870,-0.33670701,-0.63939938,-0.69426119,1.08318881,-1.29041424,1.00000000
-0.07481947,0.84087104,0.53283355,-0.98153985,-0.46648232,-1.31537090,-0.69007909,0.80526321,1.15504597,-0.83541854,-0.10935648,-0.08902786,1.12072592,0.78839716,0.03923166,0.51224160,1.04206516,-1.47138314,-0.29132991,1.22172950,0.72093909,0.12852412,0.08893358,-0.45668971,0.06156160,0.46614960,-0.24491088,0.64245944,1.08369668,-1.03594546,-0.14535893,-0.27593973,0.56239441,-0.75039760,0.42075274,1.13246773,-0.24560520,1.23304710,1.47949122,-1.18172385,-0.80084044,1.35113925,1.37498306,-1.20687817,-1.45500450,-1.01669993,1.48803835,-0.96000115,0.00764282,1.04525318,-1.43879517,0.31346695,0.00000000
-0.62897574,0.53161150,-0.66892365,1.08700475,-0.64961655,0.56026716,0.52265890,-0.83551935,-1.39560240,-0.27225128,-0.63242054,0.92693325,0.90109257,-0.12892814,0.31953668,0.31277855,0.98147445,-0.22499276,-0.67365996,-0.70489525,0.10857684,-0.15255539,-0.17963769,-1.22658798,0.65581122,-0.85878994,-0.90913911,-0.26172504,-0.81666498,0.25157480,-0.38560998,-0.15326483,0.11150796,-0.88939343,-1.03274513,1.14126571,-0.19882889,-0.26371917,-1.39316355,-0.00607109,0.16250916,0.17652261,0.62109351,-0.96755450,-0.74333060,0.93219140,1.34151185,-1.09220176,-0.00705134,-0.85747124,-1.31978049,-0.52348999,0.00000000
-0.38948069,0.13578242,-1.06893712,0.62979922,0.10117624,-1.06849659,-1.47227523,0.92447115,-0.97141678,0.31864993,-0.48923426,0.25645781,-0.55303912,-1.23918132,-0.83114997,-0.93582430,-0.21594194,0.47485135,-0.70858178,-1.46379019,0.05681209,0.31727847,1.38861148,0.26841241,-0.08648232,0.22020488,1.28370189,0.98513444,-0.53106380,-0.78823691,-0.71209916,0.01326312,0.73214835,0.00965762,-1.29661081,0.67074210,0.91791039,-0.63150640,0.49237722,-0.22022430,1.16735807,1.03567667,0.07629599,0.57451664,1.15004910,-0.01284897,-0.56024778,0.76099841,-0.83980124,-0.33440656,1.09718171,0.67326702,1.00000000
-0.39413265,-0.10174911,-0.28856698,-0.85576649,-0.43209483,-0.64768755,-0.97173214,0.72999874,-0.74379034,-0.13749759,-0.34242166,1.44623214,-0.32672327,-1.26005255,-1.23052274,0.27226116,0.29809066,-0.24372303,-0.20446892,-1.33820225,0.04963953,0.01421843,-1.05135204,-1.18848184,-1.12928253,-1.19691526,0.32912459,-0.91055204,-0.74570954,-0.97928357,1.37350591,1.06385239,-0.80851549,-0.51730112,-0.87032147,-0.02437212,-1.44116840,0.51410403,0.06947445,1.19591678,-1.00682195,0.91232774,0.87588304,-1.11845643,-0.30432233,-0.98954208,-0.73583850,-0.71026148,0.16870918,-0.26576720,1.34319841,-1.12088957,1.00000000
-0.36676233,0.28254813,1.42107640,-0.80808408,0.81862181,-0.48309022,-1.07075581,1.07366756,-0.57341730,0.47656621,0.19933106,-0.08473107,-0.01254158,0.69671374,-1.23668126,0.50454199,1.18743630,-1.32663541,-1.07803998,0.64989581,-0.18815506,-0.28935414,-1.08910010,0.02031012,-1.12036407,-0.07013863,0.79084590,-0.72520693,-0.05764150,1.47604791,0.55995127,1.02407031,-0.25545718,0.80358277,-1.37847248,-1.13126645,-0.89078822,-0.29414423,1.03723463,-0.46120185,0.46386358,0.62794288,0.25854706,-0.42827410,0.23116003,-0.47320322,-1.24837878,1.47841193,-1.11845264,-1.28295485,1.13559225,-0.59449602,1.00000000
0.08157676,-0.92550608,0.45089092,-0.51298281,-0.32563719,-0.71366108,-0.47086798,-0.26789880,0.66124821,0.03460858,1.33069565,-1.37435882,0.00920497,0.25267437,1.26059096,-1.35252443,0.22049875,1.06088979,-0.77421682,1.12887705,-1.44286977,0.69736389,1.29933966,0.47159298,-0.18291227,-1.36535695,1.26034144,-0.08911133,-1.41300977,0.56946321,-0.05448824,-1.12696405,-0.85718457,-1.30652796,0.22288062,0.36608844,0.01722690,0.95130640,1.08302646,0.34687319,-1.46173056,0.58568897,-0.24600235,0.19667245,0.44724181,-0.44929016,1.25129552,-1.09807540,0.51453542,-1.48692126,1.27395332,-1.16248760,0.00000000
-1.01061743,-0.17445983,-1.21534731,-0.50097710,-0.37930114,-0.85709978,0.25536498,-0.17125771,-1.39747323,-0.54104381,0.93129874,0.56910460,0.67461256,0.59435077,-0.56708094,-1.20100823,-0.68259845,0.99535590,1.44141239,-0.01845896,-1.47089894,-1.07986556,-0.53375827,0.23575605,-1.27471906,1.33007190,-0.40474898,1.23775265,0.84156541,0.76631182,0.32015874,0.38035145,0.41400971,0.38616416,0.16118469,1.45924206,0.69687170,0.83083917,1.11738845,-0.85308071,-1.24858752,-0.05131669,0.04224209,0.98754534,-0.16864926,0.21255908,0.08121282,-1.38539165,0.34564469,0.98412986,-1.02749836,0.28299520,0.00000000
0.83715605,0.50136502,0.28083163,-1.00744511,-1.12960928,1.44015583,-0.31884249,-0.81773481,-0.98602637,0.50280514,0.32833589,0.43065637,-1.23598192,1.18060375,-0.33220081,-0.55989178,-0.11291566,-0.32980180,1.09073101,1.28778293,-0.58964035,1.09180742,0.84456939,1.29242302,-0.76274906,0.23087745,-0.67636625,0.97228347,-1.48402743,0.19445749,-0.48238971,-0.53194888,0.43471897,1.05445335,0.32758617,1.05951894,-0.70620866,0.05850556,-0.14839038,-1.46506530,0.17043643,0.48457297,0.27574321,0.70883970,0.21401859,-1.29974924,-1.15066343,0.28942373,-0.67506242,-1.26106461,-0.21119177,0.16296779,0.00000000
0.12123849,-0.25961730,-0.51376203,0.66130111,0.43131182,-0.50154492,0.76461759,0.44608513,0.41233614,0.16028310,-1.46583100,0.58952155,-0.37187463,1.32782913,0.95395431,0.26308341,-0.74345405,-0.88884782,-0.47884549,-0.07029617,-0.61180347,0.04478849,-1.00388872,1.43313844,-1.17622634,1.29583242,1.24073403,0.07608145,0.67473082,-0.19185511,0.39010373,-0.47827219,-0.59652294,0.23468936,-0.00561098,0.23860911,-0.64001826,-0.39912650,-1.24830612,-1.34317088,-0.73962861,-1.27725942,-1.18867587,0.93878522,-1.38337891,0.47682838,-0.68232675,1.11463704,-0.04502315,-0.58327062,0.05291681,-0.35412594,1.00000000
0.80757202,0.65583310,0.19290319,-1.15640140,1.49097151,-0.22333237,-0.45530808,0.63062954,-0.40830178,0.99982292,-0.13718783,0.65867524,-1.17764035,1.03835756,0.70715396,-0.86484966,-1.06414197,-0.55112295,1.42821176,-0.72950528,-0.13161837,-1.40993932,-0.30831741,0.21396005,1.35937384,0.05020813,0.95732198,0.14138293,-1.37764496,-0.55497517,0.22664852,1.35178190,1.07739108,-0.81493316,-0.83967051,-0.89648110,1.26749669,1.05799846,0.82465030,-0.32179466,0.01314211,-0.10700477,-0.73980568,0.01508414,-1.40851036,-1.10456888,1.15976879,0.75503930,-0.23139477,0.05145109,-0.39000334,0.72233960,0.00000000
0.66964065,-0.78897448,0.85256154,0.78985557,0.66783517,-0.88648698,-0.48609006,-0.09046370,-0.50762103,0.76482060,-0.51193943,-1.08530374,-0.30287864,1.43974330,-0.82235576,0.33647598,-0.20108085,-1.28692630,-0.03637018,0.60649299,0.03965993,1.11631819,-0.63318895,-1.24125249,1.30969683,-0.36541095,0.22921665,0.87600938,-0.52705901,0.64849361,-1.09374345,-0.62611876,-1.06586809,0.93369168,-0.83205229,0.65221067,1.32989519,0.08331663,0.12008758,-0.11689930,-0.52232957,-0.07303491,0.30842260,1.45797472,1.31329368,1.08645887,1.16739161,-0.09645245,0.47233298,1.18520017,-0.32114771,1.38528744,0.00000000
-0.04681844,-0.52711425,-0.25264181,0.30324800,0.62941414,1.35177604,-0.76615118,0.73839293,0.06244676,-0.69432858,0.82982052,0.15666684,0.48292146,-0.53129679,-0.05617814,0.35206275,-0.28526756,-0.90488238,1.38492148,0.03440262,0.70176111,-0.26685842,-0.43460471,-0.27850710,-0.27241007,0.13254035,0.13040961,-0.00853855,-1.09564265,-0.01177356,-0.99268830,-1.12159264,1.29793715,0.31485004,0.47847017,-0.29461899,1.22694268,0.41379147,0.80750961,-0.39431259,1.38003564,0.96138387,1.06184539,-0.98341720,-0.68711038,-0.64312020,-0.68727233,1.06622449,-1.40434561,-1.27170003,-0.67825539,-0.90038108,1.00000000
-0.07148810,-0.44188613,-0.80442116,0.89382957,0.18937978,-1.48268802,-0.21203170,-0.27634522,-1.15816419,0.52842537,0.60629157,0.66267966,0.68541284,-1.49984152,1.36176241,0.94262630,1.21194509,-1.45307011,1.30157639,0.92936559,1.01165743,-1.22013785,0.71633409,1.37975007,0.53564202,0.21168421,1.33688903,-0.17118863,0.29788070,-0.07098512,1.29853866,-1.27174582,0.00335910,0.56085732,0.87571962,0.24905594,1.22675323,1.32597434,-1.30704233,-0.29288838,-1.42962293,-0.51175003,0.11060465,1.23238479,1.03966297,-1.11750082,-1.22090888,0.26780202,0.09635392,-0.70086708,1.19835925,1.28209923,1.00000000
0.38643612,-0.85657550,-0.29216568,1.17090767,-0.34815332,0.71045050,-0.07217335,-1.13225053,1.28380260,-0.13771022,0.70346112,-0.39847856,-1.44335736,-1.19840892,-0.01134156,0.56989307,-0.49579402,0.58646538,0.59590677,0.61180772,-0.02243444,1.24465845,-0.03241045,-0.14920442,-0.90185754,-0.57703474,-1.37299652,0.40060588,-0.75439277,-0.58753424,0.81244356,-0.51833645,-0.77341232,-0.99282675,0.82457521,-1.11088123,-0.13873872,0.02079035,0.56216974,0.39985045,0.93216202,-1.36574570,-0.61067783,-0.65959764,-1.06194928,-0.63246524,-0.57070406,0.06565339,0.49111344,-0.35669846,0.65841069,-0.49150398,0.00000000
0.09603008,0.49740772,-0.62914897,0.12356417,-1.42885092,-1.26063263,-0.24609137,1.32873813,0.66453534,-1.23562029,1.03895404,0.69690231,0.33283958,0.96087888,-0.28767046,-0.83549685,0.03607017,0.14652527,0.11497912,0.19522137,1.34611475,1.20673687,1.12715111,0.90425043,1.33028432,-1.20451607,-0.70463022,-0.01483216,1.03960348,0.01549713,0.74410422,-1.08312028,-0.74275856,0.69532829,-1.00579797,-0.44593220,-0.70540123,-0.45041492,0.62497215,-0.39645846,0.16578997,-1.20020437,0.91505308,-0.39033412,0.44560248,0.67616880,-0.87101723,1.15402495,0.34867275,-0.21382457,-0.95299445,1.32690281,1.00000000
-0.39047126,-0.16246841,0.76520461,-0.87592631,-0.48686768,0.92902277,0.58703299,0.79735288,-0.17639669,0.64942879,-0.34051883,-0.86621125,0.39803110,1.42804178,-0.56819709,-0.11709122,0.52200411,0.12451885,1.03028339,0.78522812,-1.32510839,1.49526370,0.75720736,1.09170995,0.45359314,1.06885538,-1.16285108,-0.45678649,1.12926283,-0.89503437,-1.26527370,0.86435682,1.00645847,-1.01204335,1.06303795,0.56030339,0.06024805,0.99075058,-0.24225225,-0.91801813,-0.64544197,0.01549205,0.09399238,0.91674248,0.87405817,0.24409967,0.84235645,-0.92467963,-1.34980642,1.12090147,-1.27333652,-0.75993471,1.00000000
-0.07956172,-1.06572268,0.58595685,-0.27165619,1.12894191,-0.60606062,-1.46438596,-0.59803308,0.23422515,-0.37218487,0.10461827,1.12979436,1.23745516,-0.70207781,-0.11357858,0.14743205,1.34733737,1.49585196,-0.79377825,0.68093961,-0.36590681,-1.47567541,-1.47224243,-0.11830198,-0.03499526,-1.43229091,0.56078225,-0.61798983,0.17967930,-0.59724278,-0.99859706,-0.27847878,-0.80317991,0.10440293,-0.90351441,0.02521793,-1.02786446,0.51292413,0.76181305,-1.16881730,-0.09659276,-1.28738490,0.29454734,-0.70678711,0.08287337,0.05238303,1.27306304,0.14724967,0.24899544,-0.29504062,1.34723881,0.83155773,0.00000000
0.05372800,0.50953956,-0.64378413,1.03262876,-0.20281092,0.98600143,0.96866420,-0.93338944,0.60342339,-0.62807109,-0.60752199,-0.61095577,0.67670474,-0.81052187,-1.49728249,0.64571056,-0.98644577,-1.18655281,-0.78745164,-0.36029843,-0.07228102,-1.36628988,1.41172000,0.64818916,-0.53041780,-0.54390823,-0.15437235,0.37873447,-1.06088080,-0.93321056,1.07830375,-0.73123523,-0.35941501,1.11381555,0.48944349,-0.47486436,0.55109864,-1.44095035,0.70692798,-0.03895188,0.93954644,1.36391296,1.27736565,1.22779513,0.03650987,-0.41957366,-0.10489403,0.56968801,1.15199333,-0.87904109,1.25457948,0.94554070,1.00000000
0.79013297,-0.73976305,1.43656805,1.14075532,-0.66018801,-1.18213227,-1.16327678,-0.62633004,0.34255117,0.91296098,1.19775092,0.37126015,-1.48310606,-0.94104967,-1.20082139,-0.41002657,0.00405298,-1.36980846,-0.45456607,-0.96246098,0.44121050,-0.10718289,-0.01404706,-0.21692464,1.36805913,-0.85579462,0.04999278,0.70805211,0.17053324,1.28706266,-0.36609493,-0.10897258,-1.23443305,0.32699733,-0.63536409,-1.01907288,0.13359388,0.09693079,-1.27238508,0.59464636,0.37131657,-0.93294815,-0.09169541,0.66096875,0.08830722,-0.31353277,-0.53298463,0.33118160,1.31732609,0.51523452,-1.27576229,-0.11794508,0.00000000
-0.77989788,-0.49697687,1.17247239,-1.21661272,1.46662714,1.34720818,-1.26517656,1.30023996,-0.41060223,1.03412750,-0.24484999,-0.17743466,0.40272927,0.82343226,-1.39863255,0.27946799,-0.93980102,-0.46215145,-0.45609400,-0.09281898,-0.49759076,-1.17791664,-1.06311378,-1.39968604,-0.08925274,1.36334308,-1.15297433,1.33879348,0.70008454,0.41249641,0.43583327,0.98018295,-1.17924041,0.01426297,0.59127341,0.26046134,0.99833721,-1.28318487,0.57210312,0.10208319,-0.36251741,-0.47917505,0.36249790,1.17298612,-0.01147222,0.97416949,-0.29353085,-1.19281661,-1.31548279,-1.34599689,-0.35954957,-0.48828675,0.00000000
0.86531041,-0.35329047,0.65381107,0.72846450,-1.34743809,-0.83663021,-0.67721445,0.14283595,-1.06645433,-1.09817634,1.33136667,0.91260872,-0.95803529,-0.28029658,-0.43313400,0.87301222,0.03063875,-1.11645079,0.71697619,-0.30933607,-0.71122726,-0.37350413,-0.00673031,-0.47065345,-0.77428268,-0.30449391,-1.44248127,0.81749354,-0.98716532,-1.36828616,0.46109608,0.82180839,0.94148739,-0.01947245,-0.88389545,0.71168303,0.59913923,-0.76118780,1.21022327,-1.18688563,1.44806472,1.08074343,0.56369594,1.31624966,0.66693350,-0.92862901,-0.17353159,-1.28549093,-0.33102773,0.72480906,-0.34066995,-0.50911747,0.00000000
0.33582013,0.34620052,0.28606717,1.11661359,-1.35725042,-0.34358870,-1.02527777,0.58606275,-1.18282632,0.49442328,-0.64145739,-0.90324956,1.30905767,-1.44442627,-0.18666818,-1.43511902,-0.04922086,0.00314213,-0.53501259,-1.10351467,-0.37083739,0.51678882,0.84718743,0.09225181,0.26950318,-0.89815089,-0.63800900,-1.01431317,-0.75211395,-0.82533966,0.05834636,0.18806627,1.33484226,-0.91328806,0.42502713,0.95177781,0.18072439,-0.73498904,-0.71234931,-1.38224084,-0.58366732,0.73381104,-1.35744673,-0.84211415,0.61869750,0.84795469,-0.13404477,0.59422302,-0.33614349,-1.02026026,-0.30555152,0.23990346,1.00000000
-0.20100310,0.31639966,1.34415985,-1.29374714,0.02218228,-0.51324067,0.02493508,-1.42807366,-0.56092394,0.95960444,0.16182520,-0.14825252,-0.64342478,-0.60587243,-0.35069570,1.00671213,1.40163962,-0.18403386,-0.31994148,1.03965233,-0.21928404,0.15605452,-0.80717501,0.73050761,0.09596495,0.92710365,0.84219819,-0.85498570,0.64690665,0.90016322,-0.46167828,-0.98217266,-1.49210353,-0.14728904,-0.44270181,0.16472950,-0.93587672,1.07899664,-0.72673435,-0.82071118,-0.05785783,-0.00344693,-0.85474431,-0.68441782,-0.99088428,0.65538053,0.81026709,-0.11301451,0.64226107,0.70780618,-1.08517342,1.39853407,1.00000000
0.26611337,0.28858234,0.96309584,-0.88654962,-0.94150489,-1.12301656,-1.08486431,0.74448540,-0.09103723,0.84880252,0.73876468,0.31383814,0.55909982,-1.44493283,-0.56466706,0.41346654,-1.47196514,-1.40106917,1.05566395,0.55207459,-0.70389080,0.56388852,0.87737001,-0.57961715,-1.39188787,1.29833737,-0.46446049,-1.18055471,-0.02442939,0.80540339,-0.83505806,-0.69152985,-0.77185504,1.47501916,-0.90778880,0.22656065,1.27579392,-1.05931029,1.41256259,1.34243170,1.15371596,-0.85633044,0.40216517,0.78267442,1.45808378,-0.95872853,0.79807770,-0.48359649,-0.97312060,-0.23586918,0.88150774,-0.10545059,1.00000000
-0.52293676,-0.32014157,0.11256930,1.48547823,-0.30267210,0.34620226,-0.40426740,-0.32164306,0.58692226,1.31366093,0.12707685,0.80519979,-1.23238032,-0.86652589,0.00639492,-1.43996483,-0.74143506,0.05220387,-1.45511641,-0.70636114,0.04209246,0.21944774,1.27725508,0.43603687,-0.25579259,1.29105353,0.85464895,-0.89997324,-1.10747292,0.52743491,0.17964950,0.86902084,0.71641515,0.37563460,1.45914651,0.10076919,-1.16068273,0.98482069,-0.74443991,0.83190644,1.37132129,0.59038654,0.28809048,-0.11884147,-0.40677040,-0.44098575,0.40911812,0.75381935,0.53555121,-0.90476970,-0.01803846,0.87492022,1.00000000
0.56008917,0.77406135,-0.07288777,0.10986984,0.81340814,0.48379592,-0.27196524,1.18623813,-1.01229879,1.48654935,-1.14344226,-1.45515009,1.17005670,-0.76513947,0.68909888,0.93304612,1.07695917,1.47478271,-0.61788087,0.63073003,-1.15380043,-0.27957213,1.04391508,-0.39702586,0.27328614,0.01132033,0.43785459,1.41868317,-1.33279342,0.22188455,1.08908634,-0.05585186,-1.26441844,0.18161806,-0.50377833,-1.03517464,1.04710354,0.06479854,1.29982924,0.91804951,0.57891538,-1.48492349,-0.21652963,-0.90754116,1.23239373,-0.97624805,-0.64181985,0.05051030,-0.70990914,-0.87040597,0.29729798,-1.23321143,0.00000000
-0.08140543,-1.00328244,-1.32549672,-0.38326411,0.66199336,0.16442027,-0.23137059,0.19725469,-0.40364555,1.30843901,-1.33528533,0.52017444,1.17384799,0.91165413,-0.94787690,-0.61222095,0.65114382,-1.24718832,0.93558510,0.65672083,0.68881995,-1.19927589,0.65328163,0.53945438,0.99276747,-1.37521213,-1.43066799,-0.38097870,-1.05363515,0.17515343,1.25204670,-0.32556081,1.03485113,-1.49927738,-0.99445607,-1.40872938,-0.51555846,1.22456879,-1.20914363,0.31922933,-0.14551218,1.31540464,-1.13244257,-0.86391645,-1.41137409,-0.19819425,-0.66650130,1.10971780,0.31482244,0.34227221,0.09573209,-1.22444899,0.00000000
-0.43999079,0.30419045,-0.16494395,1.49851557,1.00568787,1.18037716,0.96967908,-1.19087492,-0.81765524,-1.49063505,-0.58946963,-1.17417779,-0.08161996,0.53138247,1.12351589,0.74765150,1.31575679,-1.33830513,-1.46346049,0.48401434,-0.63194277,-0.73949695,-0.50733874,-0.69061183,0.03430922,-0.17955466,0.03728565,0.51814083,-0.33860847,-0.74607694,-1.00139839,-0.45157764,0.72541943,0.77011473,0.50071616,-0.79791547,0.26425874,0.21206898,-0.04720141,0.14993696,-0.02462810,0.19636910,0.64651786,-1.17111542,0.74887726,-1.09234155,-1.30011600,1.42823906,1.37097531,-1.31869037,-0.17023968,-0.94126519,1.00000000
0.30437786,-0.78907470,-0.04396531,0.99053173,1.35183532,0.40275796,-0.43828300,0.30997670,-0.56399608,1.22947092,1.11120139,0.17469525,-0.52560325,-0.61983097,-1.39974602,0.94746255,-0.14885036,-0.52460121,-0.08666894,0.95621397,-1.12615738,1.07296796,1.19252651,1.34012375,-0.30753602,-0.84857879,-0.37907754,-0.50126371,-0.97153826,0.32180001,-0.07012752,1.09710298,-1.40367126,0.43160378,0.78884664,0.77845971,1.15822190,0.68710123,1.28343018,-0.50203020,0.00962825,-1.45776101,-1.47912724,-0.77962014,-1.19757841,-0.71936590,-0.96887012,-1.41443993,1.22791244,-1.47533061,0.70824643,-1.04355634,0.00000000
0.83980708,-0.23891978,1.23668887,1.17838782,0.46170344,0.51670245,-1.48398257,1.45461470,1.13349781,1.18531868,0.47773361,-0.46563921,1.18094595,-0.62544922,0.18813463,-1.20080708,1.26586689,-1.07768863,-0.82530958,0.17440247,0.79227900,0.35805392,-0.80359826,-1.49717087,0.77145174,1.45562198,0.92973936,-0.11938015,1.21130178,-0.27045698,0.07480225,-0.06861070,-0.15712838,0.82557231,0.08030672,-0.54984863,-0.72552550,-1.38675805,0.24958549,-0.81011575,-1.05559823,0.46148989,0.54362777,0.75646468,0.01073069,1.18216382,1.30902826,0.92211282,0.40678045,-0.58883714,1.44883476,-0.67759150,0.00000000
-0.41555361,0.32485158,-0.89202923,-0.17353766,-1.32947829,1.43548339,0.26530067,0.17085627,0.46738884,-0.00892906,-1.40380945,0.33693387,0.64852163,-0.24975282,0.77188672,-0.81899610,-0.83617023,-1.01574904,-0.38401572,1.04103611,0.98373619,-0.35152738,0.26735621,0.66244895,-0.77637968,-0.99557674,1.41628798,0.35267194,1.44424717,-0.48673204,0.60909510,-0.83218909,-0.71639949,0.03570636,-0.54114562,-0.99713531,-0.71135789,-1.39275482,0.61327086,-0.02365003,-1.21727080,-0.98491802,-1.19239639,0.33777842,-1.21736891,0.76284700,-1.43846724,-0.75187264,1.17200003,0.65559395,-1.28109500,0.96337831,1.00000000
-0.28011385,0.79649428,-0.02089464,1.04034908,0.30221932,0.54549910,1.48050468,-0.80299336,0.37183672,-0.11903583,-1.38164414,-1.45658808,-1.14231427,0.44727522,0.20148926,0.16028868,-1.40442971,-0.09209101,1.27386845,-0.30722439,0.37476741,0.83945603,0.85177584,0.05784025,1.07385584,-0.32586572,1.16607964,-0.77931850,-0.65935078,-1.34063813,0.88674551,-0.24883429,-0.81265016,-0.80462917,1.20419982,1.00174980,0.16059266,0.34833240,-0.07702329,-0.32500037,1.24643064,-1.12316189,-0.24465963,-0.46631428,-0.00554784,-0.12710438,0.05666859,-1.08024307,0.03942450,-0.77274356,-0.94700595,-1.30549734,0.00000000
-0.89122295,-0.35816306,0.78795768,-0.21767424,0.37993105,0.68278003,0.53795000,-0.08849784,-0.33630441,-0.37212027,0.42014639,-0.01561694,1.04739674,1.12410595,-0.98831887,-1.09129905,0.39120278,-0.59632276,-1.44428784,1.16592801,-0.81929770,1.28784196,0.65230335,0.78796047,-0.89561551,-0.79741672,0.06380326,-0.98370044,-0.58370492,-0.53561257,-1.02111020,-0.88445150,0.86565553,-0.99841244,-1.41462782,0.38806483,1.42794936,-0.50635856,-1.14403289,0.21116198,1.21906263,0.85218534,0.36754761,-0.55483051,0.12564052,-1.22626548,0.53683627,0.67528806,1.39509487,-0.71880792,-1.44463074,0.13682539,0.00000000
0.43336660,-1.11880157,0.62037151,0.87122243,-0.91878320,-0.71474139,0.03777278,-0.50819757,1.08153446,-0.07871954,0.89873593,0.24185928,0.81927042,-0.50198104,0.99424987,-0.67628305,0.13829642,-0.85797866,-0.07342044,-0.54547437,-0.69988971,1.40095505,-1.01977768,0.86197751,1.45249488,-1.44029555,0.59708224,-0.74126458,-1.37853653,-0.29133126,1.30565343,-1.46470472,0.26365708,0.00418944,1.12015249,-1.24799486,0.54457809,0.54032910,0.50724005,1.32700348,0.96926259,-1.37408182,-0.08675145,-0.30614083,-0.56955834,-0.14598982,-0.34741745,-0.20299830,1.43778560,-1.23410108,1.26669261,-0.05928986,0.00000000
0.27832237,-0.44435691,0.37122674,0.99054890,-0.41861091,-0.20873428,-0.27144456,-0.37580693,1.27658796,0.98678967,-1.17300003,-1.17562994,-0.21639146,-1.20402787,0.35727929,-1.06892518,0.06711979,-1.47834016,-0.55021095,0.53157217,-0.04788318,1.43480846,1.12231139,-0.42278766,-1.36354038,1.03687890,1.23370293,0.96188218,-1.11615018,1.49374540,-0.72424734,0.67261474,1.22410463,-0.79293866,1.22477566,-0.57155526,1.42923967,-0.65621994,1.36030747,-1.33936605,0.62781604,0.09633340,-0.06636877,-0.82951706,0.61678737,-0.92757153,0.15852539,-0.74026391,1.36686414,-1.41410642,-0.90081516,-0.77306818,1.00000000
1.16180371,0.17993055,-0.25779652,-0.80180927,-0.02595273,1.11739657,0.63619026,0.23988594,-1.23299047,0.58197633,-1.00075715,0.85910216,-0.74982972,-0.24885382,-0.44858939,1.07644174,-1.12036662,0.19693465,-1.07381517,0.61438751,1.21523438,-0.19617704,-0.03572322,1.28226851,0.06297417,-0.03720469,0.23498731,0.56768921,-1.17934987,0.96333158,-0.19348492,-1.28295447,0.85854801,-0.36915008,-1.19889751,0.40133712,1.14039406,1.16326053,1.37299042,1.10311638,-1.49357724,-0.35927650,0.95562774,-0.40124098,0.30464552,0.31895084,-0.40492409,1.21342178,0.00968504,-0.10564738,1.49254124,-0.01949891,0.00000000
-0.19788669,-0.34718920,-0.96480524,0.03920827,0.94205021,0.83058098,0.86574530,0.62407135,-0.73734651,1.08625226,1.18033040,-0.91754191,-1.10863309,1.42681491,1.10497189,1.17970844,1.15912915,0.12506047,0.43920521,0.13608856,-1.34638095,0.73650926,0.01599610,0.44312722,0.00791941,-0.02456603,-0.98463267,-0.66385885,-1.02344192,-0.91300111,1.41893214,-1.04065966,-0.69218873,0.27176897,0.33053573,-1.03807761,0.88115228,0.85560860,-0.78804689,-0.63400109,1.31396360,0.97701434,0.59339110,-1.25330034,-0.24520776,0.17790562,-0.93776614,-0.15532025,0.30307763,-0.51786996,0.84283446,1.02134874,1.00000000
-0.52816955,0.61522339,-0.52917159,1.01597146,-1.18927030,1.01318730,-1.04174870,-1.25121854,0.42532621,-0.08418790,1.22367180,-0.41043241,-0.63854321,0.00220472,-0.13216144,-0.46671586,0.58122390,0.77868550,1.05895191,1.41856981,-0.70003142,0.64828045,-0.31722529,0.53124592,-0.07205493,1.48131931,0.68670641,1.35747390,1.00490865,1.20870303,0.94325759,-0.12252261,-0.74463464,-0.38903947,-1.43929130,0.07197950,0.01517340,0.07575139,1.42209367,1.23436201,-1.01486167,-0.39335244,-0.22813146,-0.41840125,0.89548789,0.07211301,0.21629945,1.05904068,0.91778446,-1.10336543,0.64174375,-0.19369161,1.00000000
-0.04307924,-0.95054334,-0.61605329,-1.34994354,-0.03825132,-0.43368996,-0.74546088,0.58401519,0.80845616,-0.76563144,-1.35165769,1.04625810,-1.47012078,1.31133748,0.38285962,-0.53446009,-0.76056627,-1.47298301,-0.79358575,-1.08681510,0.33649866,-1.00036323,0.08588951,0.27034927,-0.60587490,-1.39480515,-1.38823836,-1.42095800,0.71737400,-0.54597089,0.88890056,-0.20480153,-0.14100570,0.03864781,0.63909437,-0.67949140,-1.13523795,0.16817201,-0.51906713,-0.17252606,0.44084013,-0.01762278,0.36083645,0.13260001,0.71938912,0.61780985,0.10256968,0.53670906,1.12067881,-0.20318614,-0.26171078,0.79273686,0.00000000
1.01511472,0.22753858,0.24766151,-1.28697966,1.17633605,-1.40765069,0.74518907,0.77638243,1.35933326,-1.33759677,0.29057058,-0.21647829,-0.50810114,-1.22904432,0.18796236,-0.06287782,-1.18633663,0.33746852,0.71385936,0.80183490,1.21611956,-0.27158777,1.35921831,1.09628822,-0.61049529,-1.02215089,-0.19383181,-0.29430388,0.22715792,0.25015870,0.74996095,0.02966984,-1.18553208,1.07487401,-0.57070625,1.41389238,-1.14641967,1.37475352,-1.22696458,-0.80689159,-1.36026017,0.61533944,1.05089621,-0.19778675,1.28556623,0.27089722,0.39002141,1.03625761,-0.60959938,-0.43720284,1.21785576,1.20289049,0.00000000
1.15328119,-0.22209436,1.42944833,1.20551495,-1.11788389,0.97117286,-0.27048457,1.47240407,-0.08315711,0.16150825,0.08932475,-0.53478891,-1.27493373,1.18695369,0.90802744,-1.08141966,0.83030481,0.37754000,-0.27256864,-0.73793655,1.07918635,0.60056478,0.14321973,0.32870560,-1.22680145,-0.07824072,-0.91889912,-0.87484896,0.48391189,1.23376846,-0.28873017,-0.87675218,0.44624081,1.11356114,0.74495640,1.10627169,0.10966401,0.75562873,-1.07980632,-0.45517615,-0.33135251,0.03388724,1.28722908,1.12288968,-1.09642352,-0.98163104,-0.42707835,-0.62776840,0.34431286,1.20832814,1.38687463,0.46080886,0.00000000
-1.01690923,-0.08025752,1.01447760,0.07560660,-0.87501916,0.07406524,0.16524780,0.72737269,-0.84035103,-0.39506885,-0.40791759,1.37831879,-0.16816512,0.76528190,0.75243414,-0.70336745,0.21560907,1.18290868,-0.07440684,1.33535252,-0.85662531,-1.27752268,1.17436162,1.04304359,1.47776963,0.53818046,1.31006378,0.98084708,1.03327900,0.20742471,-0.35290621,1.30367422,-0.20364847,0.11645810,-0.16165708,0.19445494,-0.08848476,-1.35609732,1.14614456,-0.16681854,0.26683095,-1.08243659,-1.48983646,-0.76412972,0.61375810,-1.20241641,1.22666232,-0.85493229,-0.88621916,-0.95547612,-1.45805486,0.81541641,0.00000000
-0.75065535,0.56316319,1.12510359,0.34248811,-0.93540005,-0.64416601,-0.07221991,1.36303785,-0.75794588,0.69493771,-0.18165533,-0.60645795,-0.13225219,-1.28637985,0.89606211,-0.77009422,0.67623637,-1.29495489,1.36529567,-0.92095504,1.14822623,0.92841963,1.40357977,-0.06632802,0.68219188,-0.38786803,-0.94689529,-0.17077220,-1.00275295,1.44613387,-1.21126053,0.26763517,0.37939157,0.11423863,0.48655766,-1.15145767,0.16505557,-0.63836229,1.32052819,0.78621496,1.41754345,-1.38733179,-0.64460047,-0.91373224,-1.46653624,-0.77302281,0.53632795,-0.80673323,0.02701034,1.16345434,0.58127376,-0.31611279,0.00000000
-0.34996035,-0.40936405,-0.38259318,-0.13279256,-0.96887568,0.40200230,-0.40754154,1.05709605,0.76965798,0.33153949,-0.40739333,-0.87020450,0.82845559,-0.04077270,-0.82574989,-0.91447615,-1.00379729,0.83148359,-0.81303844,0.07992679,-0.14536092,0.23883270,1.13146470,1.10324217,-0.14677178,-1.45390125,-0.22066858,0.31858061,0.17329428,0.45400832,-1.03777280,0.43960530,-0.95204514,0.75157194,-0.48273716,0.62968630,-1.35640320,-0.27641992,0.61510357,-0.81938845,0.88586113,0.39233920,0.26268532,-0.43935344,-0.05264559,0.29204790,-0.08261366,0.59493997,-0.19890920,-0.89318045,-0.85819865,-1.48258869,1.00000000
0.42421637,-0.24527529,-0.59712685,0.74675292,0.88248813,-0.89259737,1.37713199,0.00720838,1.25093625,0.62029585,0.66730027,-1.24486914,-0.84002662,-1.47355550,0.64838292,-0.46668513,0.85995755,-0.48319134,0.95800126,-1.10790524,-0.97988053,-0.47737038,-0.27453783,-0.45389157,0.79094110,-1.20914582,-0.44634894,1.01172000,-1.29960877,1.32703052,1.45895053,-1.23429548,-0.62618243,-0.38279800,0.82917411,0.28778044,0.43309710,0.77252947,-1.14606300,0.99962837,0.61685941,0.23202518,1.16920600,0.60091906,-0.89490011,-0.21076386,-0.01787140,-1.33434712,1.36391254,-1.11426822,0.59238380,0.01869311,1.00000000
0.55325421,-0.15515418,-1.42310325,1.27424243,1.05551043,0.07277378,-0.81317299,-1.13513133,-0.40982256,-0.73371516,0.02007360,1.39922789,0.22486048,1.16979317,0.45263651,-0.07426042,1.06382269,-0.08589567,1.10588451,-0.62526969,-1.11356078,1.06594339,0.26224549,1.16727719,1.31348162,-1.33911483,0.00290791,-0.37510635,0.37757519,0.88077359,-0.65822935,0.17039515,0.62618574,-1.09670675,0.94220072,0.31832880,1.34861231,-0.48141324,-1.17556217,0.01950360,-1.24256768,1.40857957,-1.38394513,0.76051170,0.07530719,-0.39413804,-1.30247351,0.36650077,0.25566099,-0.65735018,1.23066510,-0.58766998,1.00000000
0.54695319,0.02308314,-0.15082377,0.13128737,-1.19930437,1.29648516,-0.37639154,-1.25766236,-0.33812648,0.30060764,0.04095802,0.58362592,-1.33354817,-0.64637817,0.95769173,-1.26031894,1.06645786,-1.22431172,1.00336264,-0.41763480,0.33662719,-1.04133865,-1.30149383,-0.85218539,-1.11643855,-0.56278231,0.04314974,0.26627839,0.86960432,0.46871968,0.32627498,-0.26465392,-0.07857470,-0.25643751,1.02649809,-0.80999864,-1.48283721,0.45395969,-0.89261345,1.17034541,1.07713899,-1.26981788,-1.18083478,-0.01448522,0.32766799,-0.67527499,0.65039315,0.28474806,-0.52552767,-1.42388554,0.75045084,-0.85573900,1.00000000
-0.21342570,0.15244820,1.00342123,-0.23912922,0.23123233,1.11884619,1.09086900,-0.38544127,-0.87333332,0.82543823,-0.20075939,-0.92387402,1.21327603,-0.90568742,-1.42257850,-1.43916008,0.36694607,0.48502518,-0.56687488,-0.53996703,-0.48151825,0.54047564,-1.32559863,1.28734906,-0.83243687,1.49901962,-0.98543192,0.81463937,-0.82976237,-1.25745960,1.12479997,1.07625378,-0.28928882,0.60718843,0.17119780,1.05886834,-0.55483209,0.07101720,-0.04388289,-0.43828252,1.17436519,-1.00236623,-1.05147408,0.23072861,0.47248269,-0.91614224,-0.32784767,1.33969153,-0.76014773,0.50508211,0.72044818,-0.15561390,1.00000000
0.51450608,-0.82837458,1.31257796,0.70997021,-0.12622626,0.20800561,0.57784033,0.27657054,1.13609275,-0.42933401,-0.60034278,-0.85848333,-1.38665110,-1.37095811,1.11016558,0.53517944,0.48159725,0.34392846,1.04765743,-0.05919922,1.11123249,-0.42166492,1.28012251,0.59597094,-0.72846859,0.19225477,0.09909168,-1.08630353,0.27372872,-0.55564313,-1.34295370,1.34596847,0.42447111,1.13075680,0.52816802,-0.42904892,0.03806422,0.52724028,1.38075698,-0.73899162,1.12493118,1.27223342,0.51124654,1.29379988,-0.30636424,1.35904853,0.60834863,-1.37398270,1.22061850,-0.04658157,-0.11901905,0.19939982,0.00000000
0.09220575,-0.43340072,-1.05184636,-0.09250185,0.99338165,-1.45355262,-0.68124852,-1.49263624,-0.25286607,0.68494653,0.89631549,1.33556928,0.32551384,-0.73611940,1.27244385,0.82594726,0.22328545,0.58692065,1.27294907,0.63718209,-0.39487648,0.63908461,-1.37916551,-0.34075331,-0.28103090,-0.99948530,-1.43074356,-1.09985629,0.46386449,0.90686645,1.46461048,-0.46090949,0.29813767,1.31143490,-0.99887466,0.65293676,0.76493620,-1.23307339,1.08374816,0.93931514,-1.39979098,-1.22674676,-1.35261932,-0.49576940,0.02786697,0.09704318,-0.69699972,1.23479066,-0.39521163,-1.36334953,-0.59931867,0.09332827,1.00000000
-0.87248461,0.32428551,-0.27533453,-0.67847244,-1.10603025,0.95749350,1.48843573,-0.51137360,-0.35513687,0.35411257,0.65532442,-0.32391140,1.21478855,0.18001197,-0.14882977,0.44001826,1.35841154,0.88365688,-1.37996061,-0.50307027,-0.08836595,-0.55644728,0.60056268,0.97880745,0.69403529,1.46799986,-0.68235706,1.12496849,0.79986800,-0.41346373,0.70237363,-1.18777213,0.86800045,0.09699181,-0.62312948,0.46733191,0.42486000,-0.87154133,-1.40880776,-0.19913224,0.20853561,1.12981584,1.28465039,0.08641565,0.76141045,-0.18209018,0.73824647,-0.88559543,-0.38680580,0.40268400,-1.44552610,0.66738393,0.00000000
0.44186563,-0.34957670,1.00660650,-0.30257502,-0.15617275,1.05384664,0.82696391,-0.63555153,-0.52807168,0.53663470,0.18959428,-1.01331129,-0.57021027,1.19994983,0.56452331,1.45792295,0.80103759,1.32592330,-0.85143428,0.81445462,-1.43934744,0.51228007,-0.09215317,-0.45971978,1.08721306,1.06280308,-1.43309489,0.32851537,-0.39650333,-0.25301700,0.99612222,-0.57048069,1.32914643,-0.96109852,0.48816727,0.51631520,-0.74341452,-0.52574817,1.00439548,0.78541576,-0.51271236,0.10186964,-1.31495911,-0.87376235,-0.04253832,-1.24207879,1.02999706,0.65401863,1.33090101,0.58040072,1.32120412,0.16353767,1.00000000
0.45507823,-0.86802545,0.30065583,1.43091316,0.42638744,-1.40764029,0.67140833,1.21640608,0.88674075,0.25149982,0.51391054,1.47057537,-1.22801373,0.50173449,-0.64980692,0.42027119,0.32287073,-1.03962950,-0.87976006,0.36488873,-1.11531016,-0.70445737,1.00573664,-0.51872548,-0.03581953,1.32342101,-0.81855273,-0.33112195,0.31937333,0.76601679,1.20496016,1.24641896,0.82992022,-0.81500749,-1.42557201,-0.34867821,-1.07535345,0.63116294,0.48339176,-1.36808508,1.00978134,-0.75377020,-0.20331877,0.50380121,-0.21174364,-0.17613659,-1.30311601,-0.29566935,0.79454368,1.24552901,-0.25950859,-0.22924252,0.00000000
-0.01782358,-0.93176529,0.60788132,1.32831600,-0.69881718,-0.17956738,0.88791973,0.32908071,-1.16824097,0.38319821,-0.93976115,0.03064780,0.08730980,1.12861009,-0.11251718,-0.66167273,-0.80710096,1.12275563,-0.98696744,-0.22239432,-0.93848066,0.81991212,-0.07688208,-0.44656893,-0.41670108,1.05664262,0.16132186,0.65360355,1.19111555,1.20522503,-0.51447284,1.35735379,-1.42537235,-0.36949332,1.18739657,-0.67608936,-0.68075565,-0.59213314,0.33694015,-0.18500167,0.68020451,1.18473193,0.52259812,-0.88659984,1.29804571,-0.70652138,-1.05031711,-1.23009816,0.19015122,-1.15871261,-1.08367235,-0.59990856,0.00000000
0.27446876,0.43112764,-0.65504097,0.31271853,0.95023584,0.78404897,-0.71254664,-0.76406851,1.39737459,-1.47529128,1.13916160,-0.90081444,1.34185297,-0.47307815,-0.17894468,0.62136184,0.26300715,-0.54618201,0.16149275,0.69212065,-1.37299516,-1.46640208,-0.12579918,-1.10449015,0.49303287,-0.85784263,-0.20144668,-0.90698719,0.14545076,-1.15183962,-1.43067944,-1.34660509,1.36277532,-1.07314134,0.62543476,-1.29622139,-1.17551894,0.02662875,-0.10538721,1.35474093,1.33450636,0.83882593,0.30630549,-0.13511905,-0.43146440,1.34126264,0.30872643,0.23721758,-0.80429663,-1.35990655,1.33556574,-0.55879422,1.00000000
-0.90324319,0.11957745,-0.17223293,-1.15608017,1.01077299,-1.41710450,1.00197229,-1.07914496,1.15969234,0.68931791,-1.00598921,0.19745398,-0.56203106,-0.96530070,1.07754660,-0.28943170,-0.30436886,-0.99033998,-0.35080297,1.11485054,-0.41061387,1.35481069,1.33892670,-1.06530402,-0.96806624,1.08802221,-0.32171724,-1.48687805,-0.67838454,0.29288698,0.89779790,-1.09983415,-1.16837591,1.26627796,0.75344510,0.26933880,0.80756037,-0.21343692,0.77536724,-0.38459103,-0.76771628,0.68704026,-0.24098312,1.44413131,-0.45154445,1.26518226,1.29888765,-0.77444116,0.89466354,-0.20077648,1.25257418,-0.14962718,0.00000000
-0.58948781,0.88789196,0.73291115,-0.09909777,-0.81659773,-0.90194961,-0.22370642,0.76648397,0.31521446,0.56588787,-0.65302095,-0.05569396,-1.36681421,0.95259725,1.46967649,-0.27936281,-1.46710904,-0.99062208,0.45758063,0.33623795,0.86359416,-0.73834797,0.79089575,0.56395206,-0.53155651,0.13646444,-1.05817857,-0.14230649,1.14359202,-0.23642586,1.01870012,0.27076010,-0.92436986,0.24331873,0.01794999,-0.30407599,-1.14110868,-0.24987401,-1.28171287,-1.20369285,-0.25225040,-0.58385555,1.27663298,-0.37288258,0.77357437,0.09074258,0.61225701,-0.71965205,1.32571492,0.09026549,0.99397221,-0.40486292,0.00000000
-0.57918182,-0.57882185,-1.19936595,0.52113494,-1.47672105,-0.07412107,-0.92159429,0.38212651,1.43825962,-0.10679128,0.95249477,0.02335256,-0.01247991,1.29127048,1.16989761,0.85740140,-0.61123274,0.13502525,-0.82830830,-0.16824991,-0.04736080,0.99492012,1.18808510,-0.25613981,-1.44688666,1.08532152,-0.97716396,0.36564589,-1.42508730,-0.30148057,1.45788091,-1.19791920,-0.22892054,-0.57855015,1.21526437,1.10802032,-0.78690372,-1.25643664,0.38141518,-0.49089386,0.51625317,-1.40364073,-1.09980229,0.55911670,-0.86288803,1.07276303,-1.32422734,-0.85355405,1.49568075,-0.20077169,0.60889699,-0.95201085,0.00000000
-0.81487690,0.08549589,0.32960620,0.67831821,-0.55657009,0.98669134,0.31025274,-0.33263097,0.17292718,0.23028254,-1.00339412,-0.29180289,-0.46970824,-0.29729183,0.78333177,-0.05238478,1.32094846,-0.61897076,-0.25288927,0.86087043,0.13807378,0.14108444,-1.33997951,-0.30420101,-0.68779880,1.49800537,-0.57493479,1.15348960,0.52870121,-0.47725077,0.13060314,1.02160764,1.15010489,-1.01881837,-0.48128058,-0.49433046,-1.37386561,0.29471328,1.06446016,-0.35527684,0.72010783,0.38310124,-0.37305379,-1.07682060,0.62797156,1.06369551,0.55756348,-1.44636455,-0.85130132,-1.29156005,0.21115830,0.76943304,0.00000000
-0.19312419,-0.89534323,-1.16826244,1.01501346,0.16652694,0.56990704,1.41420555,-1.24895704,1.20367207,-1.12169191,-0.32112358,1.05431609,1.21876271,0.01911502,0.28231391,0.62444200,0.99827601,-1.13546649,0.93020792,-0.05617155,-0.14812972,-0.22830074,0.02763476,1.33515166,0.14461132,1.35953261,-0.95912961,0.67240794,0.93671862,0.53738649,0.32076684,0.19443834,1.08279145,0.96493979,-1.13313384,1.04576297,-0.25779414,-0.73890951,1.10930570,-0.20392560,0.92509407,-0.70978916,-1.48821204,-0.01362242,-1.19931523,0.76312787,-0.67177459,-0.16906306,-1.23889930,-0.64002225,0.84447073,-1.04523626,0.00000000
-0.57490872,-0.21340399,0.44147868,1.25227756,0.53951028,0.93306507,-1.17308511,-0.74780452,1.18361656,0.64531684,0.41866148,0.49130021,-0.25739834,-1.36633011,0.85332463,0.53613971,-0.08158661,1.19927885,-0.49152101,-0.61703477,1.11838898,0.89096296,0.04493943,-1.10779578,-0.85478559,0.46868397,-0.34487629,1.00941957,1.34986503,0.91691078,-0.36736373,0.86605929,-0.44567498,-0.99869974,-1.39982039,-0.34284986,1.21067791,-0.78304024,-0.88046051,1.40946236,-1.42498766,0.85734645,-0.53589013,-1.38753613,1.25340762,-1.08107301,0.15533785,-0.67783738,-1.30442159,-1.35023254,-1.15332990,-1.28589896,1.00000000
-1.18165295,0.19380232,0.78167435,-0.04330139,-0.47132373,-0.24489327,1.28684021,1.23225544,0.64702944,1.15404713,-0.54105592,-0.35667202,0.34113655,0.37087784,-0.05490049,-0.29802645,1.45854093,0.96337088,-0.19505941,0.68187743,-0.69131492,-1.19949202,-0.44270692,-0.29108160,-1.45038863,0.94437600,-0.42241979,0.24125450,-1.27811044,-0.97500951,1.16908118,0.32606258,1.35085215,1.49625010,-0.38441965,-0.60359081,1.07506817,1.49583428,0.38892370,0.88542217,0.84523758,-0.43398088,0.22281114,0.99917082,0.56434163,-1.43650856,-0.48988299,-1.06657291,-0.80108336,1.21646843,-1.38932013,-0.84059786,0.00000000
0.25274546,0.23092894,-0.57129194,0.35065222,0.10230507,-0.84519155,-1.00727680,-0.78960590,0.00758888,-0.68646664,1.34280750,-0.10840434,-1.32361195,0.68779922,-0.51346414,0.46046680,-0.66121689,0.21223123,0.81645751,1.28402623,-0.71661857,-0.49542915,-0.10720074,1.28152451,1.20416057,-1.23036516,-1.10421052,-0.01347247,-1.18014218,-0.46325738,-1.05484387,0.40812107,1.34848630,1.49020131,-0.37427660,0.29703791,1.06880296,-1.14761378,0.56869323,-0.27346901,-0.88156152,-0.29173914,-1.27211914,0.58622145,-0.74177199,-0.56578306,-1.13675611,1.09397734,-0.01966716,0.21644063,0.20829805,-0.26852066,1.00000000
-0.76473292,0.98757612,-0.92241025,0.73539825,-1.11883120,-1.18837863,0.63043511,-0.87348894,-0.57968175,-0.07431760,-0.15194605,0.62573738,0.37029538,0.43318849,0.64216299,-0.62216182,-0.53300006,-0.18600676,-0.57761348,1.45481361,0.94215578,-1.00603594,-1.48321753,-1.37165020,-0.76780965,-1.15712614,0.10001434,1.07398567,0.71025066,-0.85317281,-0.30210223,0.02368263,0.93061755,1.01736481,1.22915494,0.02773575,0.58282424,-1.16459889,0.19586688,-0.75392457,-0.20484934,0.40215152,-0.72904219,-1.34344483,-1.46929843,-1.43352139,-1.47495079,-1.16893483,-0.78153386,-0.83633546,1.46038978,-0.58198168,0.00000000
0.87158328,0.57322550,-1.11773765,0.13668763,1.07387237,0.53418113,-0.61175373,0.18484848,0.64456792,0.68431348,0.49961537,1.11243127,1.11031638,0.23680968,-0.21043089,0.42471089,0.95463600,-1.48304369,1.47599103,-0.95131868,-0.08925304,1.11608920,-0.82487880,-0.06961433,-1.10225346,-0.31477102,-0.96859364,-0.40911675,-0.37960735,1.47951237,1.48443909,-1.15564116,0.67790634,-1.34476356,-1.40942395,-1.18399832,1.39645697,1.32259064,-0.91821654,-1.01498299,-0.77839474,0.04664098,0.20911390,-0.83521971,0.76986836,-0.57134049,1.26639398,0.47016812,-0.19094642,0.86973601,0.95374388,-0.62855518,0.00000000
0.30896000,0.96901512,-0.48085637,1.30786546,-1.00577688,-1.37354875,-0.13783403,0.90362970,0.81500432,1.25859189,0.09960199,-1.19980599,0.26606692,0.83518684,-1.22001564,-0.98202780,-1.46312802,0.28095774,1.16020318,0.51198995,1.44612026,-1.31089904,1.20900326,0.94220486,-0.55727544,1.42057966,-0.63618676,1.16791417,1.14224573,0.77297285,0.19041142,-1.13999175,0.09591520,-0.42961123,0.87665110,0.77438762,1.23183752,-1.45550951,0.92730965,1.31538616,0.86790135,-1.10941662,-1.25616269,-1.43746428,0.38623568,0.38901796,1.46074114,-0.30587048,-0.50428115,0.37327478,0.97682602,1.31032185,0.00000000
-0.18865573,-0.87684773,0.90937250,-0.21997806,0.40474271,1.06889798,-0.02817094,-0.84994007,-0.99082968,-1.49952677,0.65471398,-1.16670837,-0.76848270,-0.60637101,0.18113958,-0.30612817,0.52402198,-1.33308402,-1.12818242,-0.00236549,-0.48910564,-0.61255991,-1.29891576,1.18715752,0.57545576,-1.13514553,-1.30486213,1.42461760,0.54351765,-0.24763179,0.60519312,0.76899536,0.83988661,-0.06636808,-0.21035173,-1.46691575,1.27967135,0.30992364,-0.89053819,1.25881026,1.24479571,1.46755249,1.12216969,1.49335316,-0.76594144,1.02674876,0.96908493,-0.80717892,-1.20468735,1.43826154,-0.61192635,1.11267537,0.00000000
-0.72255515,-0.47912091,-1.48761854,-1.43692558,-0.10238607,-0.78385595,0.56952385,0.19669298,-1.26754261,-1.01211511,-0.33585219,-0.94318781,0.87666704,-0.25178929,-1.21970440,-0.04697129,-1.22748546,-1.11318808,-0.78117050,1.07858312,1.27383760,0.97877319,-0.49776835,-0.68266068,0.14746707,0.66555948,1.48011836,-1.10528786,-1.35212400,0.58306767,0.99667735,1.03904634,0.53539065,1.36204741,0.03301429,1.24144440,1.40343641,1.04147237,-0.57072431,-0.91135305,0.14436019,-0.14095575,1.13327503,-1.19990499,-0.72677982,0.75539683,-1.21504007,-0.53770676,-0.33853382,0.36778139,-1.02560206,1.08181347,0.00000000
0.94133570,-0.46374949,-0.15737329,1.25106514,-0.09639026,-0.67487922,-1.07451351,-1.48876472,0.09647245,-1.17852991,-0.32481671,0.26781528,-0.67294231,-0.97432712,0.82416487,1.34037352,-1.19867875,-1.03322903,1.38003797,-1.38664733,1.43289701,-1.48606655,1.12100597,-0.57802446,1.31576657,-0.54916413,0.46291896,-1.25990229,-0.77301057,0.82103804,0.08605756,1.28390719,-0.21374577,1.10943710,-0.15313369,1.43774484,1.37950314,-0.51258988,1.15777101,1.04283412,-0.86795881,0.37287120,-1.28195305,1.01013216,-0.97636235,-1.28755590,-0.29934271,0.23076642,1.06475088,1.42272758,-0.18152246,-1.31865923,0.00000000
-0.54425389,0.81820990,0.74734674,0.19551977,-0.15632597,-0.57219336,0.00719558,-0.48396119,0.77103560,0.13168109,1.13054332,0.13063174,-0.78521276,1.05327565,0.17165713,-0.87947689,0.37052343,-0.42684971,1.03321684,-0.14010078,0.67932407,-1.21339138,-0.31192696,1.44972431,0.92538087,-1.02017759,-0.66670785,-0.51055257,0.45109668,0.77098428,0.74857983,0.02962217,0.93246161,-0.18876575,-1.12835830,0.19332552,1.35690415,0.87898095,0.23610194,0.44041698,1.29168608,-0.21497162,-0.50581758,1.43172470,1.09032940,-0.53086925,-0.10865821,-0.25476561,-1.05271296,1.37345797,-0.28706271,1.12598725,0.00000000
0.99285083,0.12130379,-0.93193132,0.14361243,-1.42811584,0.79266145,0.24274169,0.37676875,-1.34483735,-0.86688501,-1.27700738,-0.63325705,0.38231702,0.19855795,0.33644946,0.14775381,-0.68091361,-0.76647751,-1.08882095,1.04721262,0.34943808,-0.94046696,-0.96837186,1.11910680,0.72819259,0.47819724,-0.27940768,-0.71407331,1.43835229,0.89171873,-0.59466233,1.04269439,0.77679585,-0.60875835,-0.22034144,-0.94213966,-1.16684267,0.66828610,-0.69746443,0.96017810,1.48682613,-1.27014056,-0.08089462,0.90618768,0.86685269,0.77999147,-0.45301519,-0.13844023,0.28490507,1.42182175,-0.51735819,1.26943166,0.00000000
-0.40511179,-0.31622065,-0.69192925,1.46722340,0.51079106,-0.10946556,0.34017128,-0.68240649,-0.67747843,-1.15933637,-1.15784911,-0.45698478,0.78856643,0.32391350,-1.19224632,1.05670957,0.30410288,1.38256673,0.51055640,-0.97447541,-0.07864991,0.44549279,-1.41520590,-1.45526921,-1.11179100,-0.74500669,-0.21135263,-0.03767858,-1.08591717,0.52017474,0.28841419,-0.61660770,-1.45902035,-1.26705625,-0.32491567,-1.03807695,-0.36954118,0.38454781,0.14171228,-0.80647235,-0.46853253,0.34209360,1.08256508,0.75964032,0.16020008,-0.41312101,-0.40484617,1.13825193,-1.38226927,1.46394793,0.49312623,0.54341310,1.00000000
0.18906000,0.34862256,-1.38600649,0.31658782,-0.04566582,-1.18266328,-0.66623397,1.17094337,0.14996525,-0.25975027,-1.28195353,0.64236458,0.60855247,0.34213082,0.03078794,-0.19864679,0.27981328,-0.79981364,1.32377719,0.26638359,-0.56642267,-0.15096045,0.91705437,-1.01515182,-0.62149313,0.53852407,-0.55353238,0.87750505,-1.10863954,0.78805851,-1.29494486,-1.46222216,1.19467056,0.24401765,-0.44451931,-0.80221609,0.35065735,0.02700655,1.47479333,1.44964796,0.40507370,-0.17138848,-0.02657709,0.54743720,-1.19527637,-0.51494378,-1.27418328,-1.27991772,-0.91248227,-0.04424024,0.85432296,-0.04351233,1.00000000
-0.20465119,-0.34788452,-0.49357017,-1.25294103,0.15088657,-0.68619424,0.34480253,1.43156322,-1.16605704,-0.86362380,-0.08071639,1.40584145,0.81542933,1.19468758,-0.49885545,1.47611542,-1.19150155,-1.34108128,1.06680788,1.28179461,-1.22824393,-1.15971772,-1.40047753,-1.18647731,-0.87174055,1.41022986,0.50358067,0.83565908,0.82841821,0.10522125,0.89246693,0.28742260,-0.55636171,0.18333033,0.10052576,0.97035916,1.44518165,-0.26687230,0.79017204,-1.20071099,0.83049411,-0.38574926,-1.38182951,-0.41026146,0.33192825,-1.14224950,1.27210348,-1.26698276,1.29002016,0.62141255,-0.51086347,-0.32774896,1.00000000
1.30513255,-0.13821040,0.72242809,0.30441330,0.51492876,-0.33250615,-0.03655955,1.46960245,-0.85823139,-0.24643144,-0.62453044,0.79533453,0.79203788,-0.62266362,-1.25582905,-1.46570197,-0.21764840,-0.26898722,1.46516964,-0.09059377,-0.73074489,1.17368832,-0.02679615,0.29752691,-1.21299387,-0.35125078,1.33267102,0.26851615,-0.46649443,0.37700154,1.23123327,-0.67802820,0.01535016,1.37607196,-0.98281157,0.65899178,0.34344302,0.53902539,-0.44634111,-0.55836188,0.55262901,-0.85337014,-0.24103577,-0.93547606,-1.47508548,1.41017208,-0.20489106,1.40804884,-1.07902944,0.26210034,-0.89707790,0.87022238,0.00000000
-0.96439991,-0.74566061,0.85110897,-1.16217855,1.23619336,-0.91611106,0.33893202,1.45690086,1.14718960,1.36969179,-0.47220369,-1.18327307,-0.93495938,0.00148469,0.87968903,-1.04953907,0.47919460,-0.52926719,-0.47639378,0.48575319,-0.09900174,0.93609988,-1.03224447,0.86984481,-1.30729426,-0.91783836,0.46844914,1.06477697,-0.74196112,-0.51842518,0.11136224,-0.86528158,0.93346878,0.82090994,-1.06412486,-0.10851080,0.82448330,-0.48801141,0.39932047,-1.34936064,0.32606628,-1.04204106,0.99174998,-0.43365161,-0.65533841,1.02266693,-1.34956793,-0.31017360,-0.38998938,-0.64559888,1.23526300,0.75278518,0.00000000
0.00771062,-0.79218298,-1.30823051,0.64406235,0.08189740,1.20260368,-0.56116315,0.22248600,0.00226582,-0.03131728,-0.13168380,-0.88311157,0.76712977,-0.14599190,1.37554883,-0.71757472,0.54823152,1.32215124,0.49037497,1.11381872,0.98244288,-0.41964685,0.30037182,-1.03121598,0.10657765,-0.80873408,0.73121044,0.08417527,-0.26631791,-0.69360871,1.49609545,-1.28486844,-1.36931796,-0.84822780,1.41321738,1.43771450,0.46478320,1.14032000,-0.85811481,1.41612628,-1.07164545,-1.19662444,-1.16336538,0.21938377,0.84292320,-0.39999847,1.43368796,-0.19673959,-1.04865435,-0.10209976,0.53711150,0.99667734,0.00000000
0.37826338,-0.23831806,-0.12369513,0.28082048,-0.69796586,0.43774958,1.45791583,-1.35283928,1.15959201,0.18684751,-0.74370402,1.36466913,-0.04993709,-0.50492924,-0.95550712,-0.76664337,0.99854712,0.34323003,1.23973686,-0.80409464,-1.13658428,-1.48173741,0.02358611,1.49492079,0.58489581,-0.57481622,1.13057575,0.84516680,-1.45375450,0.95058144,-0.59841973,-1.05097961,-0.82100748,-0.09426059,-0.22539622,-0.63333810,-0.98334503,0.78669237,1.47032935,0.83337474,-0.61218910,-0.76557312,-0.84700237,-1.08991478,0.15399165,0.31620112,0.61650798,0.54064011,-0.62300007,-0.50906698,0.54454361,-0.45165708,1.00000000
-1.02260561,0.35775313,-0.86213043,-0.37699154,-0.68374753,-1.23506184,0.99041671,1.05933417,-0.84074910,-1.30568340,0.71648231,-0.86541412,-0.31969353,-1.30759424,-0.82119125,0.87870683,0.91318934,-0.87874553,-0.49225846,-1.09728474,-1.27748211,1.47651514,0.46678185,0.12628953,0.79649550,1.02023148,0.92014430,-1.45038165,-0.93957631,0.46471591,-0.37272196,1.44744795,0.49621438,1.36964673,-0.89566056,1.09187108,-0.53594308,1.46869442,-1.02693398,0.04901946,0.87853360,-0.20207256,-0.09574782,1.45906739,-0.22407555,0.31221630,-1.33638102,1.02663024,0.44450415,-0.28793969,-1.45149138,0.27500646,0.00000000
-0.38083557,-0.51291983,-1.46202651,-1.49638916,0.34829569,-0.93294880,-0.92433735,0.45981470,-1.33890844,-0.55978332,-1.05170429,0.24052911,0.48529546,0.66340756,-0.73430635,-1.23225075,-1.26394903,-0.22154535,1.33753323,-0.84681290,-0.72977520,-1.19733359,0.31671082,0.53961862,0.42879362,1.08339073,-0.04072249,-1.09662888,-0.63178461,0.48728992,0.33936592,0.09300939,0.54889326,0.41217255,1.14397467,0.25804913,0.83580408,-0.75387853,0.53454775,1.20658236,-0.34280302,0.83731256,0.67436790,-1.32142141,0.24452493,-1.10943195,1.40195752,0.93422251,-1.17082860,-1.13474401,0.28342156,-0.46533248,1.00000000
-0.07831660,-0.45426268,-1.39528242,0.12492452,-0.33646470,-1.19677052,0.90576118,1.24523030,0.76978180,0.96726693,-0.85052830,-0.70928115,-0.87441738,0.79519029,1.34375124,0.65051162,1.14440029,0.41609728,-0.33702030,-0.22271516,-1.27403570,-1.40562841,0.58642681,-0.18471332,0.15664520,0.17298374,-0.66787256,-0.07232247,-0.08771933,-0.33471834,0.96202615,-0.14650799,0.31093357,1.18656036,1.09870087,1.17126661,-0.68998501,-1.39505254,-0.71679960,-0.66387796,1.22808098,0.44772820,-1.25488812,-1.09386421,-1.03297162,0.39126524,0.70624208,1.07893173,1.32190965,-0.89488633,-0.57068255,-0.77903136,1.00000000
-0.11178904,-0.55252871,-0.42371530,1.24399532,0.22533770,0.71457569,-0.02964229,-1.41342626,-1.30741354,0.11376909,0.65636710,-0.85400842,0.66572872,0.93199732,-0.26430756,0.73925770,-0.28791015,0.53505189,0.79199115,1.47577985,-0.46381001,-0.26687766,-1.00313982,-0.88778082,0.58018501,1.25113677,-0.31618515,-0.96046666,-0.64470150,-0.13484489,-0.62804901,-0.79926275,0.70795347,-1.47646524,0.11769158,0.88130042,-0.70131514,0.30987453,0.50670032,0.46507409,-0.16245110,-0.46026604,1.00777222,0.77533787,-0.53623448,-1.19094242,-1.28457736,-1.21717207,0.24860808,-1.34501347,-0.48921938,0.75959911,1.00000000
-0.02488589,-0.47559633,-0.61695550,0.78992423,0.73640111,-0.76251860,0.68646654,0.74332991,-0.30763822,-0.86873855,0.06381242,1.26419276,0.41885020,-0.98123251,0.54827077,-0.21839092,0.27458639,0.70219211,0.04484205,0.94195192,0.66646674,0.34522002,-1.04762155,1.00784733,1.30771676,-1.08910463,-0.03527661,-0.72333377,0.76356992,0.66488891,-1.07734464,1.13108181,-0.95708081,0.89177708,-0.12905892,-0.51518312,-1.02528221,-0.99715723,0.48567166,0.15129116,-1.13374374,-1.16190642,-1.28306828,0.73130204,0.63564626,-1.32470703,0.18081023,-1.24597153,1.21123731,1.22135226,0.59469897,1.27856676,1.00000000
-0.30114162,-0.30796842,0.93435909,0.98561573,0.20912355,-0.58182241,-0.84660265,-0.51839993,0.38548629,-0.98203039,-0.72407929,-0.09581741,-0.80084970,0.26593101,1.26952809,0.74426810,0.49927984,0.24816443,-0.03615627,-0.94030842,1.18413137,-0.75439199,-1.22607337,0.75004554,-0.97315340,-0.38431200,-1.41514522,-1.08879617,-0.98038911,-1.33676962,0.46997087,1.01102339,-0.38005378,1.12372943,-0.85996028,-0.52382873,-1.04778902,0.36167759,-0.24039123,0.33985004,0.78502472,0.13710905,0.38289106,1.30575094,-0.60280707,-0.42250818,0.65311009,0.33391655,-0.96440129,-0.37155807,-0.09648596,-0.24183049,1.00000000
-0.56175525,-0.08093418,-0.96517558,1.27329028,0.78695629,-0.05593250,0.54018308,1.19184802,-1.09147757,-0.74888085,0.12810374,0.89703111,-1.39123531,1.45205445,-0.13528019,-0.42230658,-0.62182669,-0.97692988,0.87472173,1.36624249,-0.25906574,1.35726208,0.97139285,-0.05684662,0.52207854,-0.19504746,0.17617022,-1.32586099,0.58879043,-1.34152607,0.95125484,0.97484079,-0.78876814,-0.52901166,-0.05606886,0.28998872,-0.63793901,0.27745921,-0.60663878,-1.33352784,-1.49241735,-1.19654683,0.87675210,1.38429394,-0.21910140,0.03805186,-1.05945549,0.15309406,-1.06603529,0.33364299,1.29977600,-0.91290438,1.00000000
0.90262597,-0.54797023,0.79369115,-1.42949273,-0.37350828,-1.16775448,-0.44257368,-0.97938924,-0.38008503,-0.24743158,-0.59822663,0.46986585,1.25655615,-0.29821388,-0.92297053,-0.68783173,1.06200247,0.21491917,-0.13496690,-1.05108984,-0.15081808,-0.66452399,1.32948938,1.15221033,-1.24829237,0.04996047,-0.82482496,-0.26766873,1.13054399,0.08254356,-0.49735412,-0.87633494,0.90097458,0.37355405,-0.09580362,-0.84754694,-0.49726088,1.37953028,0.06026981,-0.29790216,0.06426613,0.83696552,-0.47967319,-0.96388164,0.25480836,0.49561231,0.63815401,1.14596277,-0.38647764,-1.27393531,1.37504575,-0.19496422,0.00000000
0.37428654,-0.06288143,0.36977253,0.49891597,0.13954113,-0.88422741,0.76542915,0.91125592,0.15892676,-0.03431652,-1.15818545,-1.24814502,-0.48130546,-0.56746153,1.36096935,0.85086823,0.47977289,0.05294427,-0.99789741,1.43537002,-0.37487791,-1.17922319,-0.01860331,1.12199403,1.16187301,-1.46710225,1.15888723,-0.68554735,-1.38308291,1.04337081,1.09160027,0.28869324,0.22330127,0.93936082,0.85892866,1.17031642,0.15824234,1.40294128,1.48844049,-1.15036617,1.04863128,-0.00053323,-0.33730099,0.33921693,-1.33210333,0.01938336,1.11267171,-0.85961545,-0.22083032,1.31844266,-0.21430849,-0.42489710,1.00000000
-0.37659442,0.11864956,-0.17839006,0.05835830,0.39597403,0.90207840,-0.14369338,0.95244281,0.10116198,-0.48455847,0.47385248,0.65316676,0.17414693,-1.33015508,-0.99035137,-0.64410684,-0.65212318,0.52026240,-1.44495401,0.76704533,-0.70397258,-0.56993446,0.08372948,-0.85222320,1.15341394,-1.24389366,-0.16685291,1.04826681,0.34753168,-0.62301145,-0.23771938,0.62008314,1.41978223,1.17941616,-0.47270157,1.49459364,-1.48948601,-1.41711073,0.97152155,-0.90161194,-1.31769219,-0.78855578,-0.22169954,0.69169881,0.37300658,-0.78713635,0.00981134,1.27864232,0.94502333,-0.53043065,1.44679368,0.62586120,1.00000000
0.61015683,0.10032903,-1.31265193,-1.39451786,-0.99477615,0.68356760,-0.94878322,0.03446031,-1.22021964,1.26265847,-0.46811816,1.22439617,1.33462693,-1.48161406,-0.10759444,-1.42603183,1.22607830,0.05522263,-1.27516796,-1.16916982,-0.34947293,1.32070258,0.57872745,1.10285660,-0.40063006,-1.37035890,1.42295291,-1.44848103,1.34295496,-0.39396773,-1.46972878,0.56747170,1.44162091,1.39687717,-1.01718897,-0.95625658,0.19661674,0.41191448,0.71825374,-0.95684892,1.37702126,0.41621777,1.04114076,0.12019715,-0.25716946,1.43154872,0.24636411,1.10062075,1.35987719,0.52606388,0.14681604,-1.48946745,1.00000000
-0.36054238,0.20487214,-1.37994108,-0.89744635,-0.94197470,-0.73572361,-0.58519609,-0.41980352,-0.23838693,-1.20340098,-1.37291420,0.52183335,0.11200447,-0.16756739,0.40331982,0.98303822,-0.21692127,0.42335840,1.36071667,1.01887349,-0.22199757,0.43415051,-0.96878723,0.18156655,1.44398487,0.05494535,1.28291490,-0.27799524,1.49653448,0.23766011,-1.37319302,0.26026439,-0.67628191,-1.40255603,0.96255991,-0.67281109,0.88964566,-0.63534725,-0.91702094,1.42180672,-0.41506402,0.30412863,0.32994448,0.18142045,1.24408723,0.52332321,-0.28880099,1.08714115,-0.95681130,0.13271027,1.35165112,0.37619289,1.00000000
-0.70443119,-0.76554464,0.95090535,0.46068218,1.01811259,1.33346364,-0.68123482,-0.99101676,-0.04802775,0.60558728,-0.81842624,-1.48769565,-0.47119465,1.40657801,0.58490238,-0.29602367,-0.92227171,-0.43173098,-0.99048170,-1.18108254,1.22022712,1.49295102,-1.00765668,-1.33643232,-0.51080668,-0.11502246,-0.88553626,-0.59572526,-0.89738779,0.82278171,0.63773383,0.40485455,-0.33834643,1.22712282,1.40859762,-0.97908206,-0.83096208,0.07689308,-1.22624829,-0.19065480,0.24537379,0.06622071,-0.50727425,0.12733742,1.37640286,-0.88194779,0.46449408,-1.36980992,-1.30075079,0.15548467,-1.18518246,-1.43295963,0.00000000
0.47330290,0.90503971,-0.98546101,0.19454751,0.61002286,-0.89256431,0.50477831,-0.95257101,0.34037228,-0.26412096,0.46139853,1.48515826,1.31345090,-1.48715473,1.15631629,-1.30052761,1.35913976,-0.65452296,-0.35389551,-1.22508538,-1.16318173,0.68022170,1.33299671,0.33224548,0.64755005,0.78590923,-0.71155718,-1.36431111,-1.49438177,-0.44805215,-0.77560732,-1.31304682,-0.96141512,-1.12650331,1.24463514,-1.07919836,0.11294539,0.27931787,0.13046837,-1.20283070,-0.54360491,-1.34618900,-0.31299026,-0.93420321,0.18489760,0.57842518,0.09635958,-0.19728991,-0.33799974,1.02507530,-0.84189580,0.70265502,0.00000000
0.93433303,0.41947966,0.77244697,-0.24239998,-0.60809820,-0.08837554,-1.22035822,-1.36220990,-1.16519040,-0.93856491,0.01253046,1.04740991,-0.79307300,1.30548603,1.36472373,1.37671381,1.01268820,-0.40852488,-1.28194827,0.20645620,0.17604433,1.04992730,1.48797315,0.02447192,-0.46438791,-0.94229487,-1.48560053,0.02734108,0.16655600,0.97481544,0.01373090,1.24940505,0.38425043,1.02100871,-1.05509480,1.06600839,0.52543156,-0.98930090,-0.93070933,1.27950186,-1.40335392,-0.11239517,-0.55957413,0.49523232,1.01888816,-0.41886564,-0.21929374,1.44575335,0.85174953,1.19161239,-0.18371334,-0.79777139,0.00000000
-0.26950067,-0.35740256,-0.26440960,0.64827575,-1.17170879,-0.68859268,-1.36009230,-0.20295678,0.98233721,-1.42600894,0.52597058,1.29748762,-0.78921642,0.58090452,1.42530570,1.38683418,-0.79521242,-1.19900684,-1.05515239,0.60610701,0.67727663,0.52270968,-0.49176484,-0.99066918,0.24228328,-0.04895866,0.68650244,-0.17591976,-0.48408092,-0.61956427,-0.86558904,-0.70276087,-1.21550868,-0.45942897,-1.39029056,-0.94075846,0.74031133,-0.52359303,0.50471105,0.65065253,0.24355603,1.37609322,-1.43568040,0.71595795,1.37635993,1.08681519,-0.99632192,-0.51953908,-0.98264448,0.30392509,0.63656395,-0.54877869,1.00000000
0.84665853,-0.44572490,0.11851972,0.57276171,-0.23598055,1.06204659,0.81464981,-1.30600337,0.36337590,-0.79402335,0.17255479,1.37066533,1.13718601,-0.28645079,-0.62545842,-0.79678277,0.09754461,-1.15725464,0.14782502,-1.49599908,-0.52845111,-0.84019706,1.41365637,0.68172696,-0.45103986,-1.22146474,0.05040178,-0.85965636,0.10928864,1.00608706,0.34737766,0.40136526,0.12309087,1.28179690,1.29570805,0.03816960,-0.58272154,-0.12123898,-0.94032626,0.40903295,0.00027701,-1.19009857,-0.90705666,-0.06110413,1.16276697,0.19917216,0.54460500,-0.48291435,0.21423418,-0.15786053,0.47738974,-1.34827330,0.00000000
0.36616547,0.35000941,-0.02009935,-0.61202212,-0.52144482,1.38275229,-0.95191556,-0.56626424,0.02967773,1.08908084,-0.24998975,0.73159584,1.06912229,-0.56995093,-0.32174945,-0.43033133,0.99856743,-1.36695941,-0.57473673,0.53822567,0.19633050,-0.19113192,0.11984468,-0.90724624,-0.20785014,0.00510895,1.20356737,-0.71749451,1.10348551,0.43272420,-1.43897751,0.67389401,-1.39334437,1.49214338,1.11791006,-0.60796876,-0.72776631,-0.35567675,-0.43149910,-0.38298654,-0.54517036,0.36340022,-1.00720901,1.03794388,0.93720745,-0.07055038,1.05818990,-0.75856479,-1.44730363,0.35762378,-0.12627178,0.20149364,1.00000000
-1.04920353,-0.34040639,1.19801823,1.40977672,0.40335942,0.79216677,-1.24857470,-1.01785325,0.69961441,-0.20590363,-0.16210419,-0.57417696,0.32206915,-0.94450486,0.38074884,-0.97860343,-1.30852190,-0.50892693,-0.80657897,1.16697492,-1.33513964,-0.97015892,0.14615882,-0.05679843,-1.36244394,-1.47824272,1.46420383,0.47650410,-0.40378161,-0.08870326,-0.70034964,-0.46537865,0.44713340,1.14843540,-0.94760993,1.02108452,-1.13533011,-0.85502333,-1.38847414,-1.07756441,1.25190944,-0.12168376,-1.26700241,1.37918051,1.13697692,0.76404756,1.30041838,-0.83961174,1.00910788,0.56997359,1.10927775,0.89073470,0.00000000
0.71832467,-0.52231829,-0.46051481,0.82319561,-0.71263109,-0.51422351,-1.17628285,1.30522985,-0.62698991,0.06186740,-0.32600149,1.37978436,-0.49485249,0.83563746,1.06624846,-0.19318051,-0.36548456,0.74323746,1.23868794,0.76479520,-0.81862090,1.16492324,-0.33725500,0.22868824,0.99430686,-0.93481570,0.85353041,0.28848839,1.18002493,-0.98408879,-0.23795329,0.99852928,-1.44230489,-1.16339590,1.47169564,-0.65881746,1.42662958,-0.95240535,-0.41671667,0.75860833,0.47333522,0.24336720,0.08969753,1.03032133,-0.79515431,-0.17258722,-1.03364312,0.28782479,-0.74836673,-0.49847381,-0.08624785,-1.41968824,0.00000000
-0.39790272,-0.44056651,-1.22418619,0.55778766,-0.21309006,1.09437067,0.58401601,-1.47569718,0.35013699,-1.21882540,0.84279954,1.47452306,0.09359638,0.54833850,-0.78805752,-0.18720677,1.06828600,-0.99773116,-0.70339318,-0.16369897,0.63674668,-0.37234814,1.28319684,-1.21662885,-0.38758741,0.62686237,-0.82203970,0.46923940,-1.00734913,-1.33205915,-1.13695285,1.28995435,0.15525265,0.88903733,-0.50203650,0.27797594,-0.01514360,1.33721388,0.74272391,0.69162789,-1.36094019,0.14900901,-0.09902564,1.28352680,-0.72797404,-0.69049964,-0.26596125,-0.76989086,-1.11244825,1.07224454,0.17482957,1.08408816,1.00000000
-0.45521340,0.01712657,0.99340430,-0.65387294,0.14321233,-1.25034689,1.24575565,-0.28721185,-0.31897145,-0.59173389,-0.11800877,-0.74472184,-0.37544318,0.89984115,1.00276651,-0.58745257,-0.09295671,1.12145933,-1.34198000,1.16743489,-0.84244696,0.53561773,0.24765509,0.15882224,1.07808067,-1.19528357,-0.45891592,0.11475824,0.93386656,-0.85067075,0.90878952,-0.30108455,-0.93325843,0.77695932,-1.22730330,0.04430212,-1.30837265,-0.43074643,0.30323040,0.16834662,-0.28603375,-0.21285602,-0.81969134,-0.13235223,1.35976457,1.05135875,-1.06430139,-1.41065764,1.30057294,0.08024925,0.11351347,0.84215399,1.00000000
-0.63307686,-0.67197168,-0.55593308,-0.05427729,1.40598874,0.51644606,-1.03876490,-1.10031976,-0.88720573,0.80013502,-0.61386899,-1.43583346,1.33252309,-0.99085975,-1.47132544,-0.78860519,-0.79491364,-0.23398425,1.26116949,1.13755475,-0.12931634,-0.26730029,0.16502726,-0.76963796,-1.34344502,1.31767241,-0.93990305,-0.90479781,-0.08261901,-0.02515997,-1.44469737,-1.05613578,-0.36553554,0.55119208,-0.81474463,-0.23095666,0.17203519,1.16577748,-0.52178849,-1.09932520,-0.03218332,0.74016481,-1.17042073,-0.22594952,-1.44664458,-1.39932246,-0.05113991,-0.60540811,1.03532190,0.30646292,-0.13820111,-0.27619389,0.00000000
0.27889869,-0.30919901,-0.00826356,-1.37868351,1.17838007,1.49490947,-0.95553863,-1.13885111,-1.06926761,0.48308117,0.48432252,1.04377249,0.75547917,-0.15093098,0.33856608,0.56485401,0.03820941,-0.07304705,0.43529234,0.17242365,0.43182692,0.33856432,0.65758968,0.42841053,0.05922746,0.54539043,-0.15155410,-0.77498632,-1.49574534,0.17989244,0.27196568,1.41614689,-0.41556500,-0.31760027,-0.89460126,-1.28839711,0.81841348,-0.75095681,0.32671458,0.56331911,-0.08628994,1.12905634,-0.16861548,-0.64527413,1.18804657,1.08469285,-1.00788016,-1.42211694,-1.23004333,-0.64035780,1.41677941,0.17554846,1.00000000
-0.43288693,0.23960015,-0.38021480,1.16614828,-0.14059101,-0.55428411,1.32365859,1.04855300,1.03100513,0.03685423,0.86831520,-0.96193992,0.21966887,1.45153777,-0.62712471,0.88305699,-0.02856478,-1.38058295,0.78905819,-0.99429257,0.39442070,-1.24300742,1.34060219,-0.62482834,-0.82060592,-1.11259079,1.33800658,0.63571123,0.72498267,-0.00178632,-0.07581664,-1.16993627,0.17952329,-0.75925051,1.43143600,0.88974282,-0.26102382,-1.04597622,0.85599507,-1.13383870,-0.93199874,-0.86543845,0.17067191,0.86116996,-0.55705536,-1.24599056,-0.10638461,0.74433072,-0.83500847,-0.84022636,1.34168108,1.36246118,1.00000000
0.35106688,-0.40207296,1.47139720,0.92297880,-0.93544749,-0.86405544,-0.47932428,-0.54560241,1.36958325,0.86722195,0.67202638,-0.94211033,1.22857668,0.98361114,-1.00907448,1.11351100,-0.68325739,-1.25739076,0.47046692,0.46141398,-1.21520397,-0.54344457,1.47844339,0.53528000,0.69022550,-0.86124814,-1.26365379,-0.66929493,-0.75330484,-0.79636770,-0.92173703,0.22426707,-0.51568957,0.96103505,-0.94815775,-0.10611879,-1.45902649,-0.05495303,-1.33248534,1.43317054,0.87177639,-0.02966557,-1.24023793,0.27733632,0.77629125,-0.92784824,0.20462502,0.94263270,0.80474333,0.90897605,1.13797027,1.31304631,1.00000000
-0.32390685,0.16561221,-0.28343653,0.20630731,0.87197858,0.59141944,1.48656068,-1.45896705,-0.43460035,-0.65691622,-0.71305245,-0.83241065,0.62737152,-1.24572158,0.72482650,0.58027753,-0.74758760,-0.74149865,0.38658176,0.78651332,1.12945684,1.05641869,1.39464898,0.24415469,1.22596668,0.92553982,1.18400287,-1.46512020,1.39770898,-0.07940951,0.89454897,-1.11838764,-0.31217671,-0.68561801,-0.62502369,-1.13023314,0.91729150,-1.47227306,-0.56248363,-0.97676837,0.26711682,-0.73724279,-0.72300464,-0.03498557,0.45806712,-1.13608589,-0.97346564,-0.75847577,1.42124464,-0.30854250,0.29697027,-0.77537156,1.00000000
0.13925956,-0.67729805,-0.02862142,-1.27764248,-1.39577356,-0.09379942,-0.30402214,-1.08935904,0.56280429,1.47871047,-0.31305954,0.37367591,1.38892783,0.99460492,-0.10934333,0.71246845,-1.11559488,0.03631157,-0.66281917,-1.01650894,-0.22115728,-1.10695634,0.59695532,-0.13127987,0.09343390,-1.06087218,-1.08068502,0.25024631,1.45502924,-1.21124825,-0.64280571,1.10837735,-1.28318396,1.12765716,0.07285795,-0.27519968,-0.57095831,-0.60864853,-0.58259225,1.15440924,0.67138569,0.50916902,0.89624745,-0.72865601,0.35412844,-0.11980128,0.84732491,-0.57223167,0.42953585,1.14663724,-0.29354857,-1.30013374,1.00000000
0.28240843,-0.75828808,0.04815247,-0.46208254,0.51667614,1.35309877,-0.04317505,-0.10142931,0.46375440,-1.18950749,-0.73948143,1.25693798,0.50982784,-1.45966787,-0.88612358,0.54851180,0.79319761,1.01957872,-0.62346959,1.29308579,0.15884068,0.58961707,0.29021659,-1.13177984,1.38934398,-1.13137326,-0.73535413,0.94088364,0.35579088,1.01444750,0.04720857,-0.36902029,1.26553650,-1.39124305,1.06839066,-0.80754664,1.04620898,-1.08241016,0.24065689,1.16432376,-0.07938106,0.73970002,0.91401485,0.70948263,1.27598921,-0.15949731,-0.98062368,-1.35656681,-0.76062039,-1.07040749,0.17384622,-0.94516399,0.00000000
-0.01674359,0.61443107,-1.38319888,-1.39203051,0.99470850,0.27434979,-0.42574409,1.18268413,-1.28941017,1.44096622,0.34887537,-0.94960724,0.53720730,0.79014378,-0.21197165,1.08489782,-1.04780278,-0.66348725,-1.21952292,-0.86736648,-0.78381356,1.25289957,-1.26567093,-0.21775464,0.09719606,1.19607916,1.49308866,0.76016434,1.41237297,0.86130340,1.38960792,0.62181218,-1.26070972,-0.29423944,0.43979185,-0.44784447,-0.67984825,0.23219780,1.30050563,-1.39505438,0.80769361,0.66818183,1.39186028,1.29213367,0.78669769,0.06122629,-0.88719734,0.13570715,0.79605598,1.18700764,0.86913603,-0.91419919,1.00000000
-0.32178005,-1.00488908,0.29905894,-0.50347962,-1.47238300,-0.89933719,-1.16033805,1.02815737,-0.72448124,-0.64590609,1.37980972,-0.36273983,-1.47124308,-0.64846155,-1.14210126,-1.19157431,-1.26753813,0.27977841,-0.93195683,-0.41627162,1.08605315,-0.22698558,1.24707405,-0.00618584,-0.30349016,0.75116678,-1.28047470,-1.23156485,0.45592114,-0.03917786,0.87124575,1.24881251,-0.33489937,0.28923008,0.00208988,1.44483197,0.99325322,1.23521312,-0.73697974,0.81757927,-0.70358033,-0.87377240,1.33279848,-1.44208675,1.39616611,-1.05221431,0.95831425,-0.67223234,-0.44789302,-0.84972687,0.25654213,-0.45571336,0.00000000
0.36831801,-0.79714144,0.47217912,-1.45305805,-1.30687535,-1.20101654,-0.24301894,0.94438852,1.16453373,-0.76556778,0.22310917,0.80509498,-0.63351171,-0.27297679,0.07192261,-1.09537546,-1.42205312,-1.04158257,0.38056086,-1.27914522,-0.93091091,-0.48643834,-1.26638981,-0.92490219,1.23380937,-1.44210260,0.46029577,-0.34677321,0.51794622,0.26607516,-0.82950374,1.04162846,-0.02417885,0.96760806,-0.28196239,1.45405666,0.81146808,1.39785062,0.04297944,-0.07892660,0.76636143,1.14087379,1.39243739,-0.52634428,0.89611372,-0.86806321,0.13672304,-0.96045555,-0.45780791,1.29407510,-1.06172790,0.39720269,0.00000000
0.94312992,-0.38823129,0.27886282,-1.13778494,-0.52206287,0.18894451,-0.93846417,0.90187097,1.41646953,-0.85572180,-0.93926411,-0.13519478,0.74329583,-0.65519817,-1.44036027,0.12366188,1.36980170,-0.32616943,-0.23959634,1.40670515,0.58382283,0.65751577,0.18810602,1.42382763,0.56659945,1.18509825,0.59813660,0.70534747,-0.62876723,-0.58956391,0.84895395,-0.60988113,0.18831021,-0.75194307,0.95095014,-1.16849595,0.98833992,0.30818940,-0.93927140,0.12610616,-0.65250349,-0.52959800,-0.44541588,-1.31004226,1.45788505,-1.40539612,0.48749062,-0.38631706,0.43803087,-0.43125524,0.52125194,0.68770653,0.00000000
0.95990876,-0.07027869,0.57165792,-1.15811406,0.47067970,-0.66003735,-1.41359589,-0.25550798,-0.19937069,-0.09847760,0.61447250,-0.57346857,-0.55415846,-1.31834323,0.56046365,0.20347827,-0.45172466,0.61556694,0.11207325,-0.09226516,0.03397363,0.40904438,0.48000781,-0.63312654,-1.07776991,-1.03009746,0.41817266,1.11861986,-0.27151116,-0.99143952,0.76980749,0.99746842,1.14174733,0.32049429,1.08218568,-1.45375512,-1.17829259,-1.22227180,0.63781405,-1.29125465,-0.01090688,-0.08187930,-0.56788943,1.11121551,-0.98870039,-0.44261165,0.82251450,-1.40873306,0.51885120,0.94919318,1.29680352,1.12888992,0.00000000
0.42751968,-0.14649715,-0.54184765,0.25909242,-1.26811952,-0.72638999,-1.21733286,-0.55443813,1.12556164,-0.45849948,0.18569431,-0.19985746,-0.12325043,1.40871616,-0.61153660,0.38197341,-0.23981199,-1.31656146,-0.03200751,0.94002999,-1.20374109,-1.29122446,-1.03910544,0.79320033,0.67198615,0.19505331,-0.09532079,1.16497744,0.80009347,0.93582675,0.93978690,0.42815146,-0.12595613,1.09403326,1.27802225,-1.42858187,-1.34533538,1.37622989,-0.66851816,1.12010832,-0.33361464,-1.14269983,-1.25867040,-1.03047630,-0.75032042,-0.03444494,0.60449370,1.45919573,-0.17547977,0.05455483,0.06544710,0.11830307,1.00000000
0.91516092,0.15495399,0.05322197,-1.47367573,-1.49482553,-1.20700105,-1.19533019,0.61469073,-0.88525190,1.18414231,1.28581899,1.42768001,1.31724391,-0.68433503,0.02933053,-0.97363509,0.91862897,1.16529512,1.05386652,-0.19989915,0.77602165,-1.20726249,-1.37926569,0.75970924,-0.22393418,1.48664779,-1.20823735,1.06688304,-0.06005080,0.98145059,0.95138185,1.24797600,-0.60644997,1.34939806,-1.04499912,-1.25409367,-0.20515345,0.98496891,-0.07973661,0.98786003,0.68906042,-0.87171484,1.34664487,-1.31765649,1.19483912,-0.58666965,0.00044425,-0.23294438,-0.98449633,-0.42555940,-0.92119669,-0.88834057,0.00000000
0.50242067,0.15781802,-0.93882949,-0.03294786,0.89379410,0.20691010,1.17961977,0.40963347,0.56802035,0.50282169,-0.15162242,0.56801647,-1.29087676,1.07955442,0.83343643,-0.76431013,0.80409736,-1.46207220,-0.84826028,-1.30458828,0.84068075,0.76762245,0.94090807,-1.48655492,0.00369818,0.61450859,-1.03379661,0.44937218,-1.24766970,-0.95602243,-0.07260956,0.46069546,-1.06239262,-0.94433001,-0.88666090,-0.78389759,-0.82033845,-0.31455267,0.46136895,-0.18590465,0.82792173,0.65780552,-1.12041926,-1.35347513,1.13382469,-1.26050680,-1.05498246,-1.43360017,0.38500910,0.24711169,1.46071100,1.16079719,1.00000000
-0.76878619,-0.67142286,-0.26747047,-0.38524248,-0.60944390,-1.04277924,-1.08574903,-1.10314888,-1.15765573,-0.77846387,-0.57999411,1.38473691,0.23541975,1.46278732,-0.38259916,-0.12712010,-0.52626402,-0.95133705,-1.07050588,1.33523759,1.46043205,-1.36527151,-1.04896238,-0.22942772,-0.94099957,-0.40835882,-1.11271095,-0.13046473,-0.68491615,-0.44428483,-1.21706205,-0.21561585,1.44977283,-0.51350086,1.12928782,1.02959742,1.35617525,0.87032854,0.47879048,1.06975333,-1.27306596,-0.11150803,1.46776872,0.80880045,1.38622613,0.83890307,1.12464590,0.61958890,0.78150601,0.06953403,1.27271310,0.97511673,0.00000000
0.16382462,0.37575041,1.03165490,0.51902730,-0.58626016,-1.39311061,1.30696539,0.25836105,-0.60557109,-1.05259468,0.98856950,1.00956058,0.94352390,0.43524808,-0.40195384,-0.58778915,-1.47433569,1.00082268,-1.23770191,0.39226499,0.01222484,0.08006808,1.28013854,-1.40515497,0.82017667,-1.34384280,-1.38553918,-0.21054691,-1.31077448,0.86743185,0.08868928,-1.41288365,-1.37849794,0.33800559,0.91833545,-0.18660141,0.16374201,0.89948836,0.33151852,-0.82571929,0.33915608,0.38483838,0.70232094,0.36262256,1.40772639,-0.90813507,1.35327204,0.11501847,0.51586842,-1.20161521,-0.35827218,0.80813744,1.00000000
0.45571118,0.47377785,0.62073305,-1.37958184,0.13978279,-1.23516542,1.48756929,1.19188977,-1.43675802,1.07594874,1.25828880,-0.43935533,0.65850497,-0.17368876,0.46569745,-0.47904779,-0.53232229,-0.22669833,-1.06329672,0.99341689,-0.45390631,-0.29955134,1.18216384,-0.01012856,0.13276173,1.36949437,1.16017915,-0.99159987,-0.08035491,1.41388868,-0.38290111,-0.38528067,-0.91490930,-1.15703066,0.72091437,0.81009141,1.40703889,0.82025463,-0.76994252,-1.37965027,1.45631215,-0.47864791,-0.56408537,1.21786563,0.25529970,-0.85538648,1.16728873,1.48008257,-1.23996432,1.08675488,-0.32845291,0.07221734,1.00000000
0.76580317,0.54089945,1.24444793,1.42013759,-0.71350827,-0.86144769,-1.25845032,0.18539356,-1.45918681,-0.26430511,-1.27984795,-0.28432265,-1.38020343,1.00565178,-0.87078302,-0.51507387,1.11014399,0.73879818,-0.84288492,-1.28430174,0.64702133,-0.32789235,0.79824000,-0.16411568,-0.46199276,-0.14638378,0.74567696,1.20666086,-1.35069841,0.07233462,-1.40149371,-0.09477136,1.15584849,-0.41522920,1.29735126,0.39182541,1.30246603,0.77149988,-1.18969450,-0.80654590,-0.31748864,-0.98967935,-0.01526519,-0.08589553,1.36877759,-0.19881635,0.85688041,1.32573163,1.13096649,-0.87399713,-0.01191032,-0.45678065,0.00000000
-0.79469545,-0.48995595,-0.30042391,-0.41757952,0.97907763,-0.14358283,0.07108300,1.44734207,-1.32006218,-0.03612708,0.82218512,-1.04651413,0.33459478,-0.78160566,1.10221234,-0.51870100,-0.51281155,0.29458164,-0.94931128,-0.64533408,-0.25010445,-0.43908641,0.07463165,0.29892043,0.20000236,0.46250494,-0.57675145,-1.12072132,0.78242262,1.05234115,-0.72898130,-0.27872413,-0.00429235,0.09998053,0.47847051,-1.37519030,0.66443125,-1.31408698,-0.09513430,0.98301341,-0.14635406,-1.05273075,1.45510154,1.16785639,0.81394090,-0.26546519,-0.94846282,1.32423354,0.09705338,1.05706638,-0.47371498,-0.49413505,0.00000000
0.19526813,-0.42561844,1.45662144,0.06549915,-1.07791373,-0.84097597,-0.05416716,-1.37258727,-0.11239804,-0.24317747,0.83800880,-0.43517411,1.44764628,-0.95769024,0.27296005,-1.23090211,0.70159195,1.48426106,0.95741591,0.16711062,-0.04577593,1.00508988,1.30792225,1.46761958,-0.31038232,1.47275242,-1.03222124,-0.73935067,-1.23295163,-0.68478445,0.80381265,1.05877307,0.83667794,0.39319733,0.04189954,0.62611287,-0.32749935,1.02392505,0.53157028,0.59341410,0.10780798,1.15568695,-0.74395580,-0.35655704,0.83292771,-0.02175331,1.16764204,-0.46080204,-0.39200949,1.16620737,-0.10688904,0.04837375,1.00000000
0.36578436,0.34843042,-0.50170885,-0.66999017,0.46784613,-1.14047802,1.13781792,0.83760941,-0.92775521,0.58205984,0.30789876,-0.94639485,-0.68038948,-0.27304049,0.59772821,0.41617023,0.09670454,0.80523163,0.77381322,0.35357746,0.86097025,-0.49720988,1.14374858,0.34473026,0.96709054,0.13883731,-0.84468527,0.12723039,-0.38666501,0.59249711,-0.07261862,1.00833841,0.53421754,0.55363330,-0.84853400,1.45274930,1.02502563,0.86701465,-0.50935432,0.10689496,-1.08869044,0.11542793,-1.06233226,0.15911353,0.44616564,-0.32941210,-0.00436537,1.12696016,-1.17431057,0.87519868,-0.98773635,-1.38987605,1.00000000
-0.01481812,-0.56558155,-0.94327619,0.79512957,-0.28462178,1.11756155,0.07412262,-1.43324894,0.65014083,-1.16930127,0.86813890,-0.99569235,-0.46366084,0.78381429,1.36269407,-0.38569815,0.98820066,-0.92762320,0.92153931,0.47248218,-0.92176948,-0.59248812,-1.10468733,-0.35109897,-0.88905408,0.43199386,1.48351531,-1.46397251,0.12275944,0.22099979,1.24262637,0.01801600,0.13110426,-0.08504160,-0.69328709,-1.33191260,-0.27402695,-1.34222559,0.15147741,-0.57811907,0.10080720,-1.09710911,1.29788990,1.18356373,-0.93001047,-0.46966715,0.34047832,-1.21294138,-0.43629654,-0.74666314,1.24655019,1.05753191,1.00000000
0.40835102,-0.39030958,0.23949822,0.06103901,1.29217738,1.29728335,1.40799038,-1.12386335,-1.01832657,0.53021010,0.12430343,-1.44460229,-1.31407489,1.16424115,1.10661239,-0.42818723,1.17315185,0.28102522,0.91771694,-0.21770679,-1.15980502,-0.19881881,-0.12810061,0.15283258,-1.18325186,1.47420559,-0.76758954,-0.90434279,0.08040876,0.11162454,-0.18053779,0.81567644,0.04996320,0.32908637,0.67123916,-1.42492470,0.21193255,1.15258341,-1.44783377,-0.28445369,1.27868235,-0.44053679,-0.12381353,1.44462418,-0.90202842,-1.30423443,1.07826777,1.10539602,-0.08376650,0.04262152,1.00741911,0.71567849,1.00000000
0.06888382,-0.45332174,-0.70455299,-1.44931993,-0.06089951,1.07673698,1.18750403,1.36867859,1.13868971,0.24013067,-0.16618320,0.82454954,0.71946490,0.11443029,-1.23801788,1.27824404,-0.13319239,-0.40999865,0.38870219,0.52151388,-0.86793625,1.01081653,-0.63018872,-0.93994822,-0.28080044,0.69168024,1.39637454,0.92784379,1.32104513,-1.07818259,-1.28646960,0.17311429,-0.62910755,0.98416492,0.51596361,1.41218449,-0.73562293,-0.04264766,0.00372143,-0.78246962,0.27028020,-0.17014204,-0.15983533,-0.41179006,-1.44921194,0.06628571,-0.49425649,-1.49604039,-0.57616888,-0.66411500,-0.31965554,-1.10444403,1.00000000
0.53181453,-0.21062814,0.02305147,0.57732106,0.39055671,0.91126484,-0.14397514,0.05727519,0.93120582,-0.21689649,0.60479805,-0.19619289,-0.24679142,0.78061687,-0.97548925,-0.48424208,-0.82748317,-0.42267017,-0.80887553,0.23821689,0.89451241,0.85983918,-0.40649711,1.46628122,0.28156309,-0.30179909,1.00661784,0.68962204,0.74782601,-0.91158195,-0.09502708,1.08548439,0.01211402,0.55035823,0.26380120,1.02707036,-0.64631748,0.22642583,-1.13029600,0.57063233,0.69590352,-1.37148804,0.52737289,-0.25592954,-1.12770937,-0.24027736,-0.91730121,-0.25332140,-0.34698292,0.71517491,0.82264667,0.32108596,1.00000000
-0.63858572,-0.67531303,-1.43193947,1.29306684,0.55869984,-1.39741365,0.95649870,-0.89920154,0.23766357,-0.10009689,-0.24048365,1.16914116,-0.18791613,-1.27396765,1.33991618,1.26160569,0.55329807,-0.09632242,-1.22142158,0.87224436,-1.27356626,-1.29419705,0.11215153,-1.01961528,-1.47680920,-0.23065971,-1.08834831,-1.01845375,-1.26926808,-0.88471874,0.64645254,0.92678192,-0.14239907,0.01966145,-1.40203490,-1.29205122,-0.72729682,0.13169526,0.71865345,0.31500918,-0.32361644,-1.14502778,0.84231970,-0.40864185,0.70816204,0.03893653,0.71598616,1.22186868,1.26308855,0.10532034,0.03452509,-0.70296460,0.00000000
-0.58403689,0.67822490,1.30739949,-0.12624250,-1.11722628,-0.20188526,-1.11884025,0.00759505,0.18382654,-0.48673272,-1.28504816,1.33051061,0.82005934,1.01664324,-0.39939482,0.78249309,-0.04388131,-0.89674953,-1.12672987,-0.46484739,-1.08734367,1.49480693,-1.35243303,-0.17656920,-0.14371943,-0.59810421,0.21405470,-1.05006893,0.85173714,-0.50265685,0.27402777,0.64691771,1.16712635,1.00736231,0.32492708,-0.33482046,0.00961401,0.80620438,1.13263663,-1.18865422,-0.34543121,0.82834980,-0.20504471,-0.50331671,-0.26603191,0.30853424,1.49941543,-0.02102271,-0.87451658,-1.01146027,-1.37295076,0.17645170,0.00000000
-0.41818972,-0.32839460,0.13371627,-0.88429822,0.58598822,0.72332112,-0.72270538,-0.46770071,1.47141502,-0.37720660,0.78240502,-0.14182372,0.88003448,0.80706972,0.50326808,1.06433504,1.31765548,0.23994996,-0.78759328,-0.30411312,0.77491714,0.45265046,-0.96660498,-1.34628138,0.54888478,-0.74676293,-0.00098927,0.74024032,0.18800034,-1.25009225,-0.94325929,-0.84201545,-0.72640724,0.19621018,0.01189734,-0.89051988,-1.29733547,-0.98570339,1.45314394,-0.09435915,1.10203651,1.04625740,0.03455867,0.62006313,-0.92174397,0.56519011,-0.68284626,0.99618629,-1.24882760,0.81941602,-1.20018928,1.14356771,1.00000000
0.56535400,0.89172371,-0.58738645,0.46318009,-0.03749316,-0.40109056,0.43632550,1.34256894,-1.37619076,1.25655857,0.32724497,0.92194290,-0.34837514,-0.08447108,1.10655226,-0.25545609,0.10397870,-1.43941523,-1.02420598,0.42505952,0.65093070,0.24780281,-1.07006989,-0.16378371,-0.43471570,-0.01301597,1.11098710,0.82758432,-1.24803150,1.17092759,-0.08469855,0.73158643,-1.07988231,0.51215858,-0.79102195,-0.18485731,-1.44941139,-1.04516809,-1.22375852,-0.78076748,-1.19994573,0.57573008,-1.41288029,0.35322150,-1.07787651,1.33548437,1.29928222,-0.82349069,0.34326389,-1.41598404,1.29536563,0.06896192,0.00000000
-0.92347308,0.63420656,-1.37033055,-0.47250002,-1.26945161,-0.32116668,0.50977903,-0.09033028,-0.34883348,-1.14252886,-0.76518286,-1.19957014,0.92249619,-1.09428052,0.28612010,-0.47177876,-0.82206485,0.41840532,-0.12899307,-0.29956360,0.27855601,-0.02619711,-0.58954737,0.17718386,0.50849573,-1.41992052,-0.10238481,-1.32695015,-0.94078376,0.18152620,1.09856675,1.14841704,-1.29016797,-0.24268474,0.24901945,-1.05879029,0.79629665,0.73270578,1.21002304,-1.47454196,-0.84994727,0.98156014,0.51174015,1.18316956,-1.32846104,0.29089190,0.20713972,-1.39297675,0.04056623,0.32856093,-0.92612048,-0.68001125,0.00000000
0.43374306,-0.12212930,0.42104204,-0.09509716,1.07404097,-0.47285470,-0.70002102,1.45459782,1.23340731,-1.41302177,0.81218585,-1.16899568,-1.41754442,-0.67891345,-0.69196236,0.95795629,0.63200174,1.44482828,0.63453870,-0.24523334,0.59678298,1.49837720,0.63042565,0.78504407,1.31509505,-1.15904622,0.61435288,1.05241787,1.36313580,-0.86709213,0.01178702,0.54166454,-0.75759681,0.30141859,-0.72726365,-0.49962894,-0.17544391,0.08757030,-0.15190239,-0.02041344,-0.60423373,-1.02310472,-1.35795007,-0.91206383,0.24583092,0.85834634,-0.99225721,-1.17433393,0.74787108,-0.58452501,1.35449832,0.64295391,1.00000000
-0.95927525,-0.31574122,-0.51973186,-0.63137176,0.07109516,-1.26256600,-1.14697046,-0.97242636,0.82417078,0.04157208,-1.46829863,0.52054958,-0.22892946,0.03255709,-0.85765127,0.15534669,1.43745972,-1.27966593,-0.64824780,-0.77100722,-0.75435207,-0.36388093,0.95432935,1.23857607,-0.89335474,0.12884981,0.41069692,0.06548242,-0.19777082,-0.92407348,-0.03534192,-0.29635552,0.88669009,0.79081308,-1.09800396,-1.23444284,1.22446183,0.10652517,1.07340281,-1.32554664,0.07954685,0.11827954,1.08210610,-1.20717001,-0.77866331,-0.28038506,1.09752443,1.31664995,1.47817386,1.37758046,-1.48217473,-1.35687498,0.00000000
0.01371641,0.53311763,-1.05717954,-0.45341371,0.98975409,1.17796859,-0.93949678,0.35899245,1.25208596,-0.10880479,-1.18936928,-0.12655905,-0.37261529,0.23297399,-0.18402395,-1.44796222,1.48199320,0.13062071,-0.07910773,1.36385211,-1.03241890,-0.93228719,0.92404425,-0.71750676,0.89768132,-0.68539955,-1.40043711,0.05104417,-0.90994070,0.77353888,0.42359890,1.27080800,0.84896507,-0.95767214,0.90047471,0.42521113,0.50685493,0.99678866,0.22147221,-0.10198946,0.40992311,-0.60612771,-0.95220861,0.34976351,-0.79845489,-1.26025467,-1.49833745,0.32495820,-0.41355365,0.75693291,-0.37447081,-0.04198966,1.00000000
-0.50248662,-0.07160404,-0.27874508,0.45172437,-0.43158251,1.39130295,1.30844096,1.04408371,1.26090081,-0.15258093,0.10929119,0.72627778,0.58843777,1.17203579,0.64899308,1.49365412,-0.45448260,0.99899323,0.59290447,0.57415934,-0.52249322,0.85680538,1.20112807,-0.84435462,0.37649051,-0.32359551,1.46864436,-0.06350155,-0.81503948,-0.35442712,0.46151517,-1.27173189,0.31080576,1.29367428,1.05108836,-1.29697939,1.48016964,0.59618077,-1.01315753,-1.46275173,-0.98615209,1.01452776,-1.43508203,-0.80055809,0.77191679,0.25833161,0.84820713,0.73845151,-1.34819584,1.17753426,-0.81890450,0.16017732,1.00000000
-0.33889849,-0.85197208,0.43286447,-0.99411537,1.42869377,-0.03553213,-1.32707191,1.31178613,0.25880353,0.59757959,0.07552737,1.00421386,-1.40059961,-0.69486490,-0.09105493,-1.27018915,0.61772001,-0.31900976,-0.68199603,-1.48986346,0.65949094,1.00142793,-0.31487839,0.19265393,-0.81694012,0.36659294,-1.46358763,-0.03406831,0.43261645,1.25457532,-0.35599255,0.79557061,0.29306109,1.28103634,-0.30486697,-0.54271398,1.16142600,-1.35226680,-1.09084382,-1.25278670,1.02932987,-1.46817773,1.08497147,-0.14619661,-1.48792416,-0.29506447,-0.93959748,0.37320146,0.53807637,-0.03741729,-1.37844142,0.46838641,0.00000000
0.01426040,0.65322043,1.02611635,0.66097283,0.98987376,-0.89847143,1.16666382,-0.53341965,-1.45978556,1.03017494,1.32546381,0.46667459,-0.80569011,-0.74476661,-0.10022138,1.19349324,-1.05120703,0.97792101,-0.62609157,0.92575851,1.26081359,-0.21751838,-0.40484804,0.90666396,0.08844865,0.55334715,0.36848771,-1.04133346,1.03437108,-0.91267467,1.29684643,-0.74828613,0.70164292,-0.64603382,-0.54664377,-0.56999444,0.74367676,0.17044535,1.14885737,-0.57788184,0.57597757,0.75884580,-1.04555366,-0.29823193,-0.05154752,-0.43293783,-0.53366221,0.55925968,-0.85240081,0.62817224,1.30513259,0.19559256,1.00000000
0.93804566,-0.60177067,0.33430271,-1.29320189,1.09343071,-0.64365664,0.34515350,1.43733651,0.28650780,0.67412846,-0.16404115,-1.31890247,0.89279805,-1.39500348,0.60197349,-1.43123528,1.08691571,-1.02709189,0.04281449,0.29145211,-0.12736378,-0.47770953,-0.09655711,-0.56575274,-0.18563296,-0.42326103,0.19861447,-0.78622751,1.46596966,0.00260986,-0.91751377,-0.06879975,1.09924539,-1.43457962,0.53866236,0.14390339,-0.99132602,0.95242932,-0.39334613,-0.61859391,0.98437558,0.41557514,1.19477725,0.38965111,0.72245297,1.00933769,-1.33578109,0.82814688,0.34111945,-1.29147661,0.02573377,-1.25262577,0.00000000
-0.57997773,0.13226903,0.70784161,0.13950514,1.36072061,-0.95059389,0.31810036,-0.86525360,0.34219495,0.66794911,0.66691299,0.94522197,1.06065068,-1.26818482,-0.47019853,0.56136756,-0.00424114,-0.92797216,0.15812871,-0.27769304,-0.32988517,0.92926115,-0.27720500,-1.42063648,-1.32580998,1.06873213,1.38180243,0.56522801,-0.40689512,1.31580095,0.48840926,1.03300065,0.79755691,-0.36258205,-0.06389340,-0.94160354,-0.62395770,0.83437698,1.18193518,0.67338127,-0.10447891,-1.24047219,-1.32915615,-0.37702331,-0.10853484,0.32736187,-1.48053144,1.46916867,-0.40818335,1.04428399,0.10490012,-1.10868164,1.00000000
0.21711201,1.04456723,0.89269666,0.62948122,0.08230825,0.04365927,-1.23756118,0.46754685,1.23373547,-1.22026524,-0.70946565,1.20692392,-0.64696827,0.46183102,0.10445449,0.28898282,-0.25263330,-0.60002559,-1.35439965,0.73284282,0.73828039,0.51217722,0.43090136,-0.76884860,-1.43296520,0.92614619,-0.02658439,-0.57948561,-1.19420428,-1.31183523,-0.45339983,0.91421119,1.25617125,1.19025409,1.26000250,1.22317603,0.08167425,-0.84175308,0.89413975,-0.85886108,-0.69837817,-0.80023703,0.04494721,-0.53451748,-1.03753185,-0.14047976,1.12172172,0.21165856,1.13500682,-0.91238344,-0.99907838,0.22673138,0.00000000
0.34953856,-0.37641377,-0.11001330,0.48051792,0.88388037,0.75392189,1.32678352,-0.30523077,-0.88083977,0.15273792,-1.16777064,-0.63344663,-0.87633583,-0.31030885,-1.16635027,-1.40447477,0.47038201,0.33074693,0.62507681,0.48115932,-1.15711596,-0.62676336,-1.11142017,1.02891721,0.74071097,-0.89541899,-0.47607228,1.39984498,0.28247807,0.90346679,-0.70622690,-0.86984124,0.85175079,0.55761737,0.54293379,0.15790375,0.19073503,0.70709252,-0.68999256,-0.44169460,1.11491031,-0.57340440,0.13892871,0.60791839,1.49977448,-0.19412601,-0.21572137,1.02776514,0.91650933,0.69322765,-0.11031109,-0.52818264,1.00000000
-0.31931590,0.90368584,0.32619145,1.12866988,1.15133237,-1.17450496,-0.21494915,-0.10583413,1.43284610,0.53399405,-0.27826075,-1.42182634,0.19615548,-1.21177207,1.00334987,0.75755598,-0.11847252,-0.21236766,1.19201690,-0.63462495,-0.75294011,1.31759230,0.92773751,0.96187678,-0.91441856,-1.07011203,-1.42191135,-0.78887547,0.82257148,-0.77988474,0.68730985,-0.74427520,-0.31412251,1.44948687,-0.76556481,-0.37088812,-0.59673846,-1.17112504,-0.03031757,-0.36392801,0.58466126,0.95278364,0.13274914,-1.40341073,0.35676707,-1.33382781,0.34906897,0.55508985,-0.90669712,0.95803845,1.23325539,0.93926089,0.00000000
-0.96697046,0.45365541,-0.58467243,0.25992904,1.24444545,-0.53800582,0.96008347,-1.47157461,-1.48905989,0.77913498,0.78434275,0.86693156,1.29008051,-1.14628106,-0.80404505,1.21117476,-0.96829141,0.54668780,0.09138900,-1.25041897,-0.64420901,0.06111665,1.05705035,0.62261547,0.36564948,-0.01190133,-0.60394805,-1.14226527,-0.27277190,-1.41444452,-0.86683233,-0.20254987,-0.24418444,-1.36711371,0.26718046,0.14905277,-1.26568709,1.32948916,-1.20185166,1.06450245,-1.49907080,1.14684329,-1.44084080,0.77343610,-0.41492757,0.71465040,-0.29476438,-1.28727623,0.80252009,-1.28624194,1.26636131,-1.34707789,0.00000000
0.11744688,0.22647004,-0.06202417,0.66910329,-0.32026061,-0.84829958,0.77727288,0.85288411,1.26808495,-0.37150467,0.01875520,-0.41061467,-0.72875453,0.75309888,-0.48104446,-0.21555167,-0.28897903,0.63798368,1.25338688,0.50026818,-0.08525221,0.83761534,0.42291397,-1.31816893,-1.21300924,-1.38624917,-0.12955102,0.97756030,-0.56075049,-0.34751945,1.22843133,1.01071034,0.49514434,-0.69958865,-1.14887555,-1.45182353,-1.17896798,-0.62221067,0.15537019,-1.30799975,-1.09131667,-0.95675789,0.39594628,0.34736940,0.15229718,-0.74849573,-0.38664093,-1.20993085,-0.82061819,1.19311568,1.43907524,0.44297876,1.00000000
0.84869037,-0.39435892,1.25046988,0.42822570,-1.40041054,1.49028775,-1.20314309,0.54792540,-0.74149139,-0.32405666,0.43780255,-0.19053795,-0.74836182,-0.49666144,-0.47535565,1.37797171,0.89583905,-0.12435369,-0.90053724,0.93304833,-1.02845259,-0.86861335,-0.40195982,1.14104459,-1.10463999,-1.13329742,-0.01807504,-0.67076838,0.20618382,-0.14508995,-0.19512268,-1.16408109,-1.07685093,0.96323573,1.15764821,-0.79594940,-1.15961850,-1.33974998,0.32489284,0.64605964,-0.38157003,0.53902760,0.63887645,1.30602684,-1.30537909,-0.92312483,-1.29442204,1.10398180,0.87776148,0.22392621,-1.24900977,-0.68006292,0.00000000
0.23656955,-1.02491462,-0.60684046,0.18222959,-0.72586832,-1.28112041,0.69228691,-0.60275937,-0.14287747,-1.11700010,0.90764491,0.19659563,1.20475688,-0.01358531,1.32427702,1.17560461,0.22937957,1.30168031,-0.53073376,-0.40307351,-1.36356615,0.26760272,0.66577191,0.82055757,-1.05055114,-0.16752278,-0.96941036,0.48638205,-1.02616088,1.21249105,-0.80809606,-0.62579320,1.05271897,-0.12459717,-1.42801216,-0.01624125,-1.24636999,1.45603416,0.26433471,-0.73040215,0.19115304,-1.26939869,0.89967391,1.27598416,1.12333316,-0.47472719,-0.52269564,-1.39473717,0.45420108,0.10471435,-0.12196089,1.22289286,0.00000000
1.02091411,0.27646997,-0.99636330,-1.47100120,-1.28005064,-0.82988569,-1.40014335,0.00853113,-0.55772863,-0.95855098,0.75025222,-0.88664602,0.56281530,-0.45220528,0.03548328,1.30160112,-1.38794510,0.00079352,1.06326888,0.26392275,-0.66938845,-0.30695659,0.54079689,1.17243568,-1.37680088,-1.28538353,-0.52484543,-0.80166095,-0.70520734,-0.83619000,-0.91252485,-1.10812810,1.30186240,-1.06743161,-0.88678868,-0.76120283,1.29904462,0.76714240,0.86909829,-1.18572522,1.00892963,-0.27542075,-0.71153092,0.22725025,0.96654872,0.83595645,1.16999245,1.28439656,-0.78563379,-0.22842632,-1.45611438,1.13796498,0.00000000
0.52515276,0.75773208,-1.03628355,1.08442444,-0.51183803,-0.39559923,-1.38260324,-0.51936363,1.16509105,-1.42335780,-0.28101758,-1.40580111,-0.38722972,-0.98207808,-0.74334482,1.13279512,-0.19185234,-0.67860603,0.26801513,-1.07367912,-0.72182518,0.13874390,-0.78743087,0.53738321,-0.02552609,0.81596721,1.34473361,-1.15258533,-0.49600497,-0.54135281,-1.04645124,0.93090941,0.77963611,-0.04672359,0.11331233,-1.32136759,0.16652206,0.87402457,0.22148272,-0.70408089,0.50264482,-0.41553471,0.13461985,-0.03730391,-0.35647500,0.65663394,1.15162834,-1.48436244,1.30084956,0.03454541,0.60219564,1.06687370,0.00000000
0.91350018,0.74894469,-0.09868892,1.00492222,-0.96714054,-1.02249740,0.47241411,1.11042902,1.17727853,0.43122138,0.07646769,-0.50582074,1.44000125,-0.54091294,0.73255832,0.09594540,0.32553703,-0.31955835,1.39446938,0.21504698,1.31336289,-1.47722575,0.21801175,0.65156067,0.73524051,1.21493065,-1.48679517,-1.49900952,-0.08320962,-1.41211888,1.42359766,-0.83380448,-0.08200581,-1.31658711,0.06614525,-0.36013162,-1.36601991,-0.49462720,-0.32569194,1.46976447,-0.87634238,0.13433885,1.46194665,0.87605762,1.48010250,1.40489494,-0.03138137,0.58912755,-1.16867062,-0.17655352,0.92705563,0.01600596,0.00000000
0.55545872,-0.69471040,0.60809710,0.73725399,-0.73959258,1.12709812,-0.12053271,-0.86944469,1.09624765,-0.24654358,0.75093732,0.14409922,-0.35438474,0.92962925,0.25340979,-0.32831369,-1.17120639,1.18633594,-1.39359124,1.08956205,-0.42011543,0.41801629,1.26659917,-1.04488015,0.20085143,0.79329859,0.77275150,0.07689574,0.37421838,0.77258098,1.02308291,0.78543929,-0.43798517,1.49017920,-0.19649192,-1.42660589,-0.41214915,-1.11665114,-1.13567215,-0.65539488,-1.33987352,0.56553657,-1.27803335,-0.89013133,-1.22130086,-1.31049681,-0.69674500,0.21569690,1.39405667,1.12666996,1.12780178,-0.97179889,0.00000000
-0.29056037,-0.82309038,-0.70527842,-1.27082005,0.83540502,-1.29055110,0.17008701,-0.75637328,-0.76966310,1.47217517,0.77033942,1.01081807,0.21594806,1.11304286,0.43647162,1.33852111,-0.65598424,0.28595864,0.57039404,-0.32118808,1.13912395,1.43940949,-0.01869153,-0.32807804,-0.08418621,1.05821024,0.43640528,-1.36568288,0.12650973,-1.44809963,0.83560611,-0.51506318,-0.08397755,0.89603432,-1.36065355,-1.02437539,-0.30611887,-0.81022451,-0.48629572,1.49452421,0.97624331,1.15170544,1.31116390,-0.47719236,-0.60876913,-0.79781252,0.99035073,0.53865559,-0.79148405,-0.36901851,0.02013529,0.08442017,0.00000000
-0.38500458,-0.27975319,1.16618319,-0.35830160,1.22557209,-0.17589732,0.73911802,1.29076296,1.22272711,-1.32914140,-0.88288712,-0.06928372,-0.20533713,0.42267499,1.33412715,-1.16278587,-0.14442400,-0.92276689,1.18232280,1.39374056,-0.06389495,-1.18796911,0.85588400,0.59142405,-0.43598752,1.16222242,1.42749567,0.17356155,0.19718373,-0.60745948,0.25351811,-0.18107304,-0.59342692,-1.29844441,-0.74187642,-0.90643605,0.12612595,0.30501007,0.32571517,-0.33545700,-0.23631080,1.00271529,-0.07130156,1.46332000,-0.18114831,0.44874283,-1.34891100,0.46001977,1.05427918,1.32737352,1.49196183,-0.65346406,1.00000000
-0.34121259,0.50601584,0.22611019,-0.14784604,0.19145244,-1.02764113,1.06844872,1.22870683,-0.15101501,-0.65871042,-1.07749972,0.55129447,-0.56330448,1.22861571,0.51303742,0.43705598,0.17820635,-1.36267098,1.29576731,0.38381248,1.48218595,0.11206921,0.63033268,-1.33137133,0.39520853,0.79394883,0.83554288,0.81033496,-0.82115212,1.42619543,1.48554636,-1.27321237,1.30933927,-0.63165242,0.56785225,-0.48566724,1.40326297,-1.19548843,-0.00675955,-0.21585662,-0.52192964,0.43660197,-1.10683277,0.64998725,1.44177637,0.91367614,1.08005026,-0.42108977,-0.52534018,0.05114506,-1.36282016,1.33607440,1.00000000
0.41812623,0.34968440,-1.06864448,1.20903912,-1.24925333,0.96787478,-1.04411242,-1.38560516,0.65846835,-0.65920410,0.64348846,0.16525575,-1.17357783,1.29639022,-0.14305748,0.70334183,0.00306172,0.31308442,-0.59167922,-0.89891909,0.12771061,-0.17934308,-0.32966036,0.51770159,0.57151990,-1.36223983,-0.48376652,-0.26470635,-1.20932352,-0.79229740,-1.34507461,1.48872630,0.70967161,-1.23764953,-1.43925186,0.65786340,-0.18242350,0.86039013,1.27042811,0.29790117,-0.93867473,0.84658211,1.36743523,0.24069386,0.54599234,-0.48757591,-0.35541692,0.70396349,1.28331330,0.38696516,0.86954373,-0.98509495,1.00000000
-0.93358815,0.16972808,-0.86412273,0.09610406,-0.97033742,0.40498521,-0.62504044,0.87459786,0.92433104,-0.10863763,-0.95756809,0.44032488,1.47836105,0.36777269,-1.39267593,-1.44811807,-0.53891409,-0.91264858,0.93915362,1.03441700,-0.72414369,-0.52306567,-0.79125910,1.22514764,0.00794800,0.46841113,-0.25355374,0.39304258,-0.34243387,-0.48096469,0.40344022,0.27318623,-0.61941614,-1.05195465,-0.39426992,-0.25440708,0.38605300,1.24358629,-1.39144561,-0.76901696,-0.91885217,0.00688323,-0.21089758,0.68711287,-0.77275226,0.28349510,1.15157179,1.23203322,1.37635381,0.81978346,1.21796372,-0.79640738,0.00000000
0.02057646,0.98767422,-0.90725717,-1.48053575,0.62053307,1.31240156,-0.93919396,0.41083073,0.73937928,1.28284271,0.44058067,1.41088120,-0.46598058,-0.45021440,0.12903753,-0.34949436,-1.49572282,0.69531608,0.75515112,0.74092381,-0.46493800,0.06686842,-0.42007945,-1.45189080,0.18734682,-1.12871800,-1.25987603,0.76649721,-1.47148139,1.37702533,0.04576609,1.44904929,-1.32600728,0.25058865,-0.45201889,1.03044748,-0.41633179,-0.71853726,1.07265938,-0.37604073,-1.44950004,-0.32913270,0.46356681,-0.73692138,-0.20403722,-1.32985459,0.26427837,0.76888477,-0.26006232,-0.23930210,-1.23515250,-0.89417741,0.00000000
0.14952763,0.36361677,-1.03597409,-0.05493669,0.08776662,1.34682039,-1.28030549,0.29960392,0.07949558,0.04869929,1.11947786,-0.88338459,-1.37768018,0.51681452,-0.46452761,-1.44723025,-0.74587798,-0.57201968,0.35051513,-0.98224262,-0.26083696,-0.05257367,-0.12228783,1.42182230,-1.36348729,1.35290456,0.24581164,0.88718314,-0.20882215,-0.13848636,1.13797950,1.18780349,-0.78393336,-0.90227436,-0.01129448,1.20083108,-0.53293472,0.45604385,0.62445506,0.83602399,0.19177337,-0.29263447,1.40104797,0.33399226,0.68569563,-0.46505146,0.50984754,-0.72660701,-0.76470925,0.64416661,0.06418421,0.54982983,1.00000000
-0.46923734,-0.14055884,-0.69168453,0.29617002,-0.16819905,0.29088086,-0.62736080,0.64635289,0.91778810,-0.72025058,-0.59813832,0.48346281,0.58675552,0.61229905,0.54809551,-0.32157685,-0.31543898,-0.73554713,-1.02949890,0.57773214,-1.22043364,1.31337686,0.98005891,1.07251722,1.22000644,-0.27418509,1.04010217,-1.02581610,-1.43507462,0.85467418,-1.27561006,1.46557400,0.52438929,0.76034913,-0.76258843,0.52159618,-1.37034019,1.01347716,-0.99112772,0.59207420,-0.82655850,-1.29464049,-0.05551896,-0.99214137,0.68833196,-0.78730247,-0.47258233,0.20231775,-0.64509517,-0.36603565,0.94686531,-0.96237045,1.00000000
-0.46770154,-0.09072822,-1.25339523,-0.51492664,-0.22686970,0.12797785,-0.38272891,0.86973510,-1.38204154,-0.20469739,-0.35323226,0.44273547,1.39882876,0.03112622,1.46063054,-0.59325182,-1.40739560,-1.00301050,-0.31462535,-0.55099827,-1.20883761,-0.20201968,-0.48565269,-1.13214234,-0.61164861,1.15930817,-0.59385340,0.64186627,0.33614124,-0.21845651,-0.78292309,-0.39295590,0.27632164,-0.44774036,-0.85531070,-1.15061175,1.13930081,-0.17906107,0.37562497,-0.02876892,1.11769956,0.14080456,-0.05765575,1.27380297,0.65906879,-1.16535028,-0.96688662,0.86136859,1.00755396,0.13557249,0.16336568,0.39579889,1.00000000
0.80797175,-0.74230682,-0.18265268,0.54059737,-1.17455623,1.38383773,0.75046447,0.39352261,-0.55103383,-1.01713354,-0.27197111,0.48473022,0.40112923,-0.35207653,0.33985918,0.94124489,-1.42114568,-0.14813686,0.77566569,0.13843341,0.45442826,0.05002918,1.47562363,-1.33613539,-0.02686553,-1.22575035,-1.02064331,-0.35088495,-1.03337973,1.39106150,1.34036933,-0.49167106,0.41924314,0.10125996,0.94676094,0.38233683,-1.49924264,0.78952316,0.74054436,0.02916812,1.20875692,1.22533862,0.07173503,0.32396469,1.48956622,-0.60353930,-0.52614827,-0.95167829,1.18760082,0.73346517,-1.18307145,1.44530205,0.00000000
0.06705537,0.92520715,0.69288512,1.05156633,-1.35554763,0.01488276,0.59579486,0.12883975,0.49994240,0.95362219,-0.37698881,1.04600603,-1.01125169,-0.68734183,-1.36996314,-0.40671957,-0.36027137,0.91581179,0.45939201,-0.18983233,0.45634194,-1.34164995,-0.95918539,0.38084357,0.42410046,0.82240398,-0.29100072,0.66766229,0.55194100,1.39018014,-0.85460932,0.15503869,0.30529333,1.49594365,-0.89644757,0.06965406,-0.46144408,0.07767891,-0.80361419,-1.35716286,0.21769636,-0.49243705,-0.95417579,-0.52819330,-1.35215940,1.35132670,0.24344374,0.94430604,-0.23064541,1.20994400,-0.05004534,0.22183597,0.00000000
-0.58011953,-0.33256417,-0.02461806,0.69983489,0.19996823,-0.68520323,-1.06338141,0.31837317,-0.03246012,-1.21207291,-0.31314760,0.04432927,0.98067970,-1.27169683,-0.45451396,0.96796837,0.44527180,-0.63012503,1.03600537,-0.02011926,-0.00494433,1.42976202,1.34134951,-0.42440195,-1.07826261,-0.52299980,-1.40855022,-1.43769634,-0.31343359,1.32305947,1.11407202,0.03432850,0.19567914,-1.48219951,-0.85349653,-1.42567762,0.76361860,-1.06306261,1.10714131,0.42997294,-0.81174397,-1.02683905,0.38287410,1.20251094,0.65508066,-0.45436005,0.26215079,-0.56771491,1.49744870,0.74651757,0.34314492,-0.23022257,1.00000000
0.56794195,0.25381448,0.35445687,-0.47515181,-1.41340548,-0.31473443,1.29144246,0.37890328,-1.24813289,1.15498084,-0.69337545,-0.76869152,-0.60872709,0.23160671,0.13406428,-0.02575874,0.65261059,-0.55038681,0.84619356,-0.97403496,0.84786237,0.49143032,0.54962493,-0.05533981,0.50100460,-1.26060886,1.05465335,-1.33335830,-1.05377547,0.23036913,0.71823437,-1.27124531,1.26229444,1.42082295,0.31785052,-0.05626963,0.72418492,-0.51492794,-0.02020670,1.24845308,1.36696628,1.28120735,-0.71265580,-0.80259288,-0.60700648,-0.17606666,-0.55749776,-0.37736161,0.36191086,0.78757703,0.70667459,0.94327070,1.00000000
-0.14236176,0.48848027,-1.40344679,-1.35679863,0.86814888,0.09923647,0.23442202,-1.34223942,-0.73405860,0.41506291,1.07754567,1.25095019,0.00125849,0.13642270,0.99914889,0.11287380,0.05057558,1.21525211,0.86979816,1.22721758,-0.84525884,0.07312646,1.02741639,-1.16655652,0.88398646,-0.95107985,0.92435626,0.33600281,-0.92029203,-0.07993746,0.54571550,0.40155870,-0.21825841,1.19809959,0.05779024,0.01760190,-1.31324823,1.26636117,-0.96865029,0.08503408,0.91070280,-0.85364017,0.08211987,-0.77794527,0.77908499,0.19302350,1.06792758,1.18367401,0.44620045,0.67617374,0.14766030,-0.34671380,1.00000000
-0.31182025,-0.47943013,0.44435377,1.22486587,-0.24995886,-0.55676992,-0.33468918,-0.19380711,-1.27931691,-0.00467448,-0.01705726,0.26533148,-0.41153991,0.33932279,1.13464893,1.36641297,0.25083665,-1.37222714,1.40770799,0.61758618,-0.49210905,-1.05852690,-1.06974416,-0.99676678,-1.36328244,1.20646257,0.12230470,0.59987824,0.98432553,0.87462302,1.14781687,1.40176387,-0.18278816,1.35100640,0.66986985,-1.28799543,0.54534936,0.56014998,1.21758169,-0.38120360,0.25473450,-1.46343735,-0.50377427,-1.31326882,0.06561892,0.95234295,-0.88067192,0.08232314,-0.88797409,-1.13793460,0.03299038,-1.26255414,1.00000000
1.05848842,0.22634738,0.26206389,-1.40598762,-1.17985508,0.14999246,0.27422224,-1.41303921,0.22013036,1.01550758,0.66694853,-1.10644469,0.27742394,0.51675750,-1.38830639,1.06604301,1.21880219,1.05135682,0.97389440,0.73489560,0.40029609,0.53588101,0.91918588,0.48749538,-0.51681913,-0.37211669,1.19117241,-1.44863374,0.59646174,1.36433266,0.61868451,1.48173596,0.56263472,-1.39691091,0.98102964,-0.64611026,-0.16182832,-0.56372425,-0.69433768,-0.20578289,-0.36374565,0.40001575,0.93945360,-0.60873404,-0.85883654,0.50068581,0.51096020,1.20339372,-1.45216294,1.05912199,0.06300652,0.36390627,0.00000000
-0.18055138,0.49562031,-1.22588568,-0.20215520,-0.81809278,-0.73732491,0.01228534,0.93736785,0.73134279,0.27299988,0.11825458,-0.21808187,1.41812992,0.18057766,-0.73810081,-0.80972762,0.33405909,0.06848258,-1.47690659,0.99019612,0.61236706,0.48548787,-1.29365803,-0.41383245,1.30614678,1.08776772,-0.64337119,-1.02882335,-0.15273613,-0.43250886,0.54667913,1.39930443,-0.41099565,-1.31332748,1.19284203,-1.38615081,1.35829769,0.49373828,1.32506763,-0.90102094,-1.37790061,-0.03537007,-0.14812976,-0.50552318,1.37296942,0.96775120,0.48474606,-1.01142513,0.70297022,0.68103736,-0.22479548,1.27435773,1.00000000
0.25279825,-0.41538796,-0.99906635,-0.69798731,-1.31032698,0.88635287,0.36527816,-0.55517908,-1.00855901,-1.37955669,-0.99976329,-0.14014606,-0.75846909,-0.72305347,1.12672910,0.04541302,0.68775592,-1.39286715,-0.40450993,-0.06249196,-0.94074943,-1.13942538,1.11091134,1.31829488,-1.26357991,-0.45294386,1.37485688,-1.25051480,0.43092412,1.41666411,1.43467101,-0.08633001,-1.01175268,-0.89374706,1.16880419,1.23504901,0.32363893,0.79852920,0.71979375,0.48546479,0.98183086,0.55621987,0.10200692,-0.78913091,0.73166443,-0.07968640,-0.61562495,0.90583883,0.59014080,1.31201869,-1.00367508,0.44756785,1.00000000
-0.91623026,0.13679853,-0.76728160,1.21074896,-1.20150176,0.46848542,0.87325716,-0.43524648,1.36241424,1.05219205,-0.61614510,-1.47737672,-0.61002847,-0.65606859,1.16989382,1.40136353,-1.28868004,-0.08611551,0.14499600,-1.22126502,-0.36750687,-0.54875275,0.10816906,0.48357270,0.61045533,-1.08973493,0.93884311,0.53562609,1.16722475,-0.15199182,1.18166929,1.09732237,-0.18477200,-0.35657005,1.29843604,0.64549420,1.28473604,0.89092434,0.32789232,-1.15244167,-0.62555798,1.40652722,-0.54173370,-1.22023539,0.62266007,0.70201276,-0.64362684,-0.60698406,-0.09332104,-1.43463315,0.86796903,-0.54873364,0.00000000
0.47775807,0.46734858,1.06128931,0.90789126,0.48420610,-0.52537540,0.04894968,-0.16551223,-0.48335434,1.04440887,-0.04947878,0.99816929,-1.18434458,-1.07692563,1.43196092,0.26330539,0.02930902,0.06946819,-0.85419368,0.65611185,-1.24565813,0.21997114,0.21230639,1.24256527,0.07854843,-1.08881191,0.21825978,-1.22601707,-0.88861849,-1.40667425,0.03988075,-1.24640215,-0.09181686,1.29883511,0.65928424,-1.26776498,-0.82737056,0.52098726,1.18410558,-1.40124424,0.93735340,0.18544164,0.13827398,1.37343955,0.74293384,1.05035660,-0.43801329,0.16309212,0.34621703,-0.53524818,0.21074437,-0.79003386,1.00000000
-0.12500181,-0.51839514,-1.06987299,-0.37808922,0.71786889,1.24856144,-0.12685785,0.42847106,-1.19088861,1.21339128,0.20581264,0.84101474,0.88332360,-0.73055842,0.08752336,1.38143925,-1.23109637,0.54914969,1.38679223,-0.59826868,1.08434376,1.30097264,0.74125863,-0.80601506,-0.49799784,-1.39257212,0.99435970,1.04883356,0.39813093,-0.44241645,-1.26956692,0.75917283,0.67957858,1.23780757,0.69159606,0.98608483,0.73786385,0.39206156,-0.21910082,1.20635193,0.45290572,-0.30493403,-1.24959211,-0.62788543,0.13118020,-0.67309389,-0.83629396,0.08218054,-0.99053896,0.90123019,-0.04689555,0.22158832,1.00000000
0.46922509,0.14513328,-1.05785020,-0.52627099,-0.26973095,0.92463849,0.81047857,-0.83106758,0.34853724,-0.76963093,1.46474147,1.35637163,0.18979416,0.59670772,0.90429115,0.66299526,0.59948607,1.37566202,0.28936832,0.40890802,1.04780625,0.50967260,0.69879787,-0.79749394,-0.38619923,-1.05809596,0.01729633,-0.13281780,1.49148844,0.33362596,0.85933447,-0.49795599,0.99463599,0.34525490,0.59097699,-0.61670767,0.14591518,0.40211092,0.26728403,1.24558113,1.19481799,1.41295217,0.50228402,1.41574239,0.99743400,-0.68750358,-0.21769299,-0.78482267,-1.48740852,-0.93585374,-1.48781824,0.65951538,1.00000000
0.41765837,-0.81810492,-0.22339711,-0.56227582,0.78516267,0.99746032,1.42589862,0.42604075,-0.11541312,-0.58420710,-0.83304537,-0.86122215,-0.27243188,1.47535907,-1.49743891,-0.90838231,-0.93482105,0.65135846,-0.44254582,-0.12821759,-1.05412761,-0.28500888,-1.19040056,0.09912986,-1.20618490,0.87152514,0.19980515,0.67190362,-0.24445084,-0.35552612,-1.20537333,0.07156682,0.04350649,-0.09569387,0.72155509,0.99751320,0.75236902,-1.06840277,0.36617853,-1.25903068,0.58386686,-0.35448271,-1.10250313,1.08615257,0.34202502,-0.43582510,-1.40781846,0.11193078,1.26967764,0.28913950,1.41495181,-1.09064665,0.00000000
-0.96227410,0.00406358,0.20491531,0.89437514,0.07662219,-1.22680093,0.24865800,0.33521372,0.68612775,0.78363455,0.81231806,0.49033318,-0.85256644,-0.28729273,0.82838992,1.36028095,-1.26315911,0.10661003,-0.56243319,-0.82381832,0.01743205,0.31826802,-1.47068331,0.84061972,0.95964639,1.39653247,-0.95806880,0.28365769,-0.22012388,-0.49551645,0.19690035,0.84714928,-1.43084165,1.40820034,0.92964476,0.75346111,0.78116215,-0.33281787,0.75486165,-0.33968937,1.19612049,-0.96833285,-0.62295773,0.15401263,-0.54236689,-0.22728826,-0.02273193,1.06906005,0.06957676,-0.41262045,-0.75679151,-0.27397206,0.00000000
0.42622528,0.21159158,0.04720831,0.73834457,-1.13685367,-0.83517244,-0.36103795,-0.41880478,-0.32475574,0.88056379,-0.52753679,0.00569454,0.37172110,-0.80346435,0.65608616,0.14133396,-0.15965651,0.92935208,-0.76951422,1.14952791,0.18314621,0.32752464,1.12517689,0.95274806,0.30468621,0.75956311,-0.20004153,0.14213326,-1.31378959,-1.23042625,0.98827621,-1.32098503,-0.99180262,0.88749798,-1.49656215,-0.65278701,0.25211597,0.28634979,0.83145872,0.01777876,0.02820561,0.67593173,-0.00412661,0.32547326,1.19332220,-0.29564698,-0.34462479,-1.48935302,0.34027878,-1.41068428,0.01244547,0.91270137,1.00000000
-0.20305224,0.90493704,0.14976321,-0.69109150,0.85850526,-0.69084899,0.69909534,0.33077537,-0.99001111,1.21540162,-0.89806895,1.46876122,-1.47806853,-0.70954987,-0.90041911,-1.45801977,0.69710370,0.58027741,0.87705289,-0.72990436,-0.16699450,0.47734056,-0.18069449,0.59197731,0.40192023,-1.15605659,0.84312936,0.66202908,0.46750316,-1.03471918,-0.69601065,-0.32046891,-0.66021114,-0.81656913,0.91607301,0.41469674,0.19641639,-0.82214187,1.25422969,-0.92645088,0.88485280,1.40001800,0.68127819,1.47857633,0.45315335,-0.84761897,-0.88854152,-0.52630715,-1.47860994,0.54509541,-0.69399665,0.94554970,0.00000000
0.22977165,0.72431292,-0.42248205,-0.06013052,1.39706675,-0.77348363,0.66376229,0.76535337,-0.83700553,0.00299051,-0.44939422,0.81571873,0.36744996,-0.07205084,0.83808980,-0.79453329,0.76086564,1.09612294,1.13586479,0.85102078,-0.27595750,1.44542407,-0.36121907,0.41587620,-1.01677747,1.44134670,0.61195777,0.76013264,-1.30266989,0.79025344,0.82417029,0.51531818,-0.62427116,-0.03092987,-1.16869689,-0.08523880,-0.76852844,-0.45270904,-1.01219877,-0.80983690,-1.27029407,1.25970410,0.09123206,-0.30977409,0.10508764,0.38487969,1.26563638,-0.96392114,-0.61334250,1.42736801,-0.38642104,-1.43231505,0.00000000
0.67061237,0.97406854,-1.05706952,-1.42098389,1.46976943,-0.66338745,1.27062827,1.48765883,0.29952366,-1.40041105,-1.25522511,-0.05523283,-0.28148396,0.31853192,-0.18345657,1.30223055,0.10421915,0.58117818,1.18945582,-1.05938437,-0.81079604,-1.17804402,-1.08108480,0.03775190,-0.53646222,-0.23048148,1.44746950,-1.02988696,0.12243621,-1.20338653,-0.54451106,0.08257777,1.33989524,-0.32631534,-1.30527991,-0.33551566,-1.06277647,-0.81003116,0.35427187,-1.29772840,-0.10582873,0.32838476,-0.23442482,-1.44262095,1.45655807,-0.39865270,0.83573156,-0.52306052,-0.07494973,-0.33460907,-0.47238231,-1.43444587,0.00000000
-0.16429524,0.22917921,-0.41993719,1.16846997,0.57118002,-1.06373142,0.27346501,1.17669258,0.60010212,-1.05394682,1.10349749,-0.59536796,-0.13777157,0.07842828,1.05151981,1.29482249,1.28895863,-1.47613746,1.26566546,-1.33683910,-0.70267903,0.04496356,-0.06022293,0.31412938,-0.06166131,1.30312704,-0.77835346,-0.67792592,1.26221381,-1.26978146,0.32868247,0.54520786,0.01662517,0.58269564,-0.98173606,1.05789670,-1.07992293,-0.29756267,-1.27422720,0.13563324,0.50923742,1.32366491,0.71800859,0.12330875,1.29785105,-0.06468949,0.18361696,0.28829558,-0.27006082,1.01544807,-0.94447218,0.16452657,1.00000000
0.60188870,-0.00501192,0.66669977,1.21192852,1.15175519,0.02622087,0.42948435,-0.31728679,-0.09546671,1.21879738,1.29211198,1.18624217,-1.08488741,1.05025206,1.34509119,-0.41625092,0.05593887,0.83728577,0.18623441,1.48045057,-0.13285990,0.64182813,0.87777342,-0.01769875,1.07095142,0.13846377,-0.26504761,-1.17652898,-0.31975927,0.70180936,1.26385924,-0.74496179,-0.43429345,-1.03811702,0.57216868,1.38056529,0.42285666,0.35122959,0.16046979,-1.23463278,0.68851148,0.30614863,0.48443031,1.19643328,0.85188236,0.84274576,1.28155131,1.46980485,0.24384820,-1.17335515,-0.12261028,0.86280344,1.00000000
-0.15924309,-0.36132585,-1.41682403,-1.32933768,-1.29852665,0.69310727,0.00349989,-0.39330617,-1.18314886,0.69672075,-0.53694057,-0.70402779,0.45695760,0.17703268,-0.41276807,0.42446241,-0.68633544,0.88449078,-0.81204315,-1.02348691,0.84731823,0.62367609,-0.95208307,-1.15126274,1.01519727,0.82979545,-0.51822788,0.47459222,-1.12751944,0.02114298,-1.44380912,-0.32519436,-1.27547154,-0.07455846,-0.23495506,-0.16684492,-1.36400609,-0.41515098,0.76945155,-0.39325688,0.64551586,-0.39156383,-0.23028168,0.19167634,1.35204581,-1.17341866,-1.40125869,0.32387155,1.34729127,1.46916940,-0.04750726,-0.09575514,1.00000000
0.80572917,0.55965986,0.43489131,0.16690427,0.40226417,1.12199828,0.73891851,-0.00936782,-0.11440662,0.41880525,-0.13288115,-0.12666195,-1.45108229,-0.97780759,-0.03445908,0.96796038,-0.66381898,0.06793030,-0.46511375,-1.18558803,1.37489545,1.06402161,-1.26452273,0.65936179,-0.45726029,1.48454942,-0.59280444,-0.78378466,0.20367164,1.00537849,-0.92244338,0.62820831,-1.31578025,1.25680423,-1.25677525,1.24269413,-0.02757825,-0.15572666,1.41992124,1.47115253,0.45053438,-1.11864212,0.01851026,0.08748930,0.04333928,0.20847552,-1.44382586,0.63368184,0.63718291,-1.15359067,0.21071833,0.20508355,0.00000000
-0.44734614,-0.04520316,0.54735126,-1.24380692,0.37950992,-0.65774415,0.02100897,0.81997066,0.61693781,-1.14329095,0.27355436,1.40734959,-1.02969169,1.05872126,0.60764424,0.82200994,-0.65412502,-0.63633321,1.21805837,-0.42050390,-1.31095383,0.30179011,-1.12554699,0.88978872,0.42523933,1.12417952,0.85451175,-1.16365905,-0.35678797,0.82368075,-0.24797558,1.41709645,0.70722135,-1.45350025,1.13995707,-1.19758565,-1.07842883,0.70347720,1.09490568,0.10904888,-0.63285080,-0.44605336,-0.47133201,-0.51996569,-0.77127098,0.32660128,1.20121596,-0.57875276,-0.93991711,1.01573300,0.72534999,1.29251109,1.00000000
0.41690876,0.48811460,-1.00344079,-1.06724606,0.12428818,0.34330096,-0.05947967,0.29689991,-0.95886069,-0.06115874,0.47427768,-0.20188065,0.53834201,-0.14642616,-0.49920126,-0.58918486,-0.26729382,-1.43073113,0.50557542,1.03531692,-0.43611872,-1.36190059,1.46032679,-0.70890523,-1.12013663,-0.39074248,0.71567112,-0.61825021,0.22410961,-0.25332002,-1.14670802,-0.50913896,0.67461152,0.33601169,-1.14066486,-1.01003277,0.42220008,0.94024624,-0.45157651,0.28593226,-0.98806923,-0.56587099,-1.43918938,0.80482784,-0.29697054,0.94837672,0.62511899,0.98623280,-0.64302399,-0.94467381,1.41571705,0.65198336,1.00000000
-0.41923379,0.54848253,1.00212680,-1.46059988,-0.43661514,0.72845007,-1.26605150,0.20201979,-0.21278170,-1.44715048,-0.79207327,-0.64562403,-1.16442016,0.39461073,-0.77280637,-0.66714150,1.19471579,-0.09863072,-0.32361556,0.67161311,1.22884139,-1.42489099,-0.15528346,0.33234407,-0.54431071,0.81722317,1.41443121,1.33028210,-0.70205238,-0.82098516,1.37247159,-0.12411454,-0.87510683,0.62099089,-0.64673903,-0.69825907,1.13774713,-1.01256254,-1.30682116,-0.69244068,0.32083624,-1.13073644,-0.08521598,0.38201133,1.04621098,-0.81039123,0.95203897,-0.79528122,0.53029962,-0.20797929,-1.15595627,0.64279039,1.00000000
-0.48669863,0.28364803,-0.84671214,-0.97012972,-0.42503121,0.45987073,-0.79801056,-0.94901538,-1.47013912,-0.08507071,-0.21406329,-0.79839677,-1.33904351,-0.21223238,0.86461533,0.64584639,1.08238467,-1.47125194,1.39925795,-0.47576324,1.47119339,-0.74214162,-0.08539084,-0.43821697,-0.43271786,1.02684630,0.73925682,1.47645431,0.34054405,-0.11023019,-1.22977841,1.48968426,0.15459196,0.60143241,-0.27977284,0.14314712,1.32773320,-1.00074169,-0.62288225,-1.04382082,0.87664771,-1.31386422,-1.25510505,-0.60451766,0.04256454,-0.28117560,-1.36555107,1.37247467,1.35860856,-0.66193103,0.69457685,0.23572623,1.00000000
0.39374070,-0.93176465,-0.78756991,-0.71348534,-0.02654048,-0.24228918,-0.62631202,0.92253479,-0.05561125,0.46454419,-0.93217950,0.10052299,-0.54607185,0.07924083,0.84247750,0.80673963,-0.43733797,0.58283135,1.32386985,0.37700799,-1.05476963,0.53912589,-1.18528684,1.11633123,0.04998149,-0.34457779,-1.32898022,-0.35764880,1.20962000,-1.43705101,-0.07605553,1.29347427,-0.31547700,-0.21547294,0.23568017,-0.11118800,-0.99419493,-1.44433338,0.32943497,1.26241976,-1.18090760,-0.86714184,-0.38931154,0.92622669,-0.69221905,1.14616321,-1.33512638,1.32286986,0.18224123,0.47633304,-0.39693143,0.84598286,0.00000000
0.35798301,-0.42169983,-1.00030125,-1.35326452,-0.31344917,1.06108714,0.76478051,0.05146791,0.21641324,-1.11032152,1.02204453,0.86087905,0.46941118,-0.10142689,1.39337780,1.13709592,0.43329148,-0.38459701,0.35406684,0.22632278,-0.31727404,-0.57997808,-0.27896762,0.22173422,-0.21559547,-0.70927654,0.78288995,0.09440249,-1.29697451,-0.39505048,1.15474037,0.76570959,-0.53025965,1.31454946,-1.27019127,1.38370411,-0.76288472,-1.47271746,-0.19857589,-0.42308871,0.11726702,0.89031858,1.02729241,-0.29631000,-0.21046277,-1.05546681,-1.35735717,0.42364497,-1.30668712,0.70149036,0.11727044,-0.90425107,1.00000000
-0.37055228,-0.98529889,0.11856883,-0.95100685,-0.18378838,0.89868095,-0.11424212,-1.05390205,0.67148605,-0.93969475,0.71564962,-0.06194313,-0.13877472,1.05430511,0.62581057,-1.40126761,-0.61147706,1.11276198,-1.44502149,0.13576034,0.68347701,0.36556826,0.78159661,0.67707555,0.57609209,0.96461958,0.43707201,-0.29274452,-0.08427267,0.65017435,1.12891809,-0.68334360,-0.47376961,1.29221819,0.23553538,-0.96311455,0.49108542,1.47228647,0.97036069,0.73722341,-0.87586004,1.12841935,0.07736653,1.16787007,-0.51051651,-1.31384684,-0.07207209,-0.69048719,0.64568787,1.37131966,0.57292245,1.16080179,0.00000000
-0.52866545,0.98656183,-0.14092796,0.81492221,1.02913031,0.63262688,0.02333186,0.37759833,0.60152099,-0.74074679,0.92873778,1.35097362,-0.10428205,0.60320155,0.71107772,0.48674264,0.14134532,1.14494386,-0.15321987,-1.31669113,1.03366913,0.52194382,1.04777588,-1.08435767,-1.40774118,1.30312362,-1.05681508,0.92895700,0.96962983,0.62611560,-1.10621337,0.50219587,1.16725975,-0.22340507,-0.25944944,-0.17142507,-1.25318433,1.17607671,1.10754859,1.49372797,0.25554942,0.75357491,-0.89198428,0.50258645,0.44919855,1.20362621,0.99237817,1.31539939,1.10650042,1.10608168,-1.30883002,1.03788586,0.00000000
-0.53459353,-0.91108571,0.32243518,-0.35866664,-1.33045613,0.53302132,-0.51539475,-0.09667121,0.54518531,1.23532364,0.97631075,-0.14820861,-0.33665053,-0.78066078,-0.38271975,-1.16686084,1.41331653,0.22175233,-1.11658247,-0.44158197,0.14111743,0.09865691,-1.39348989,1.35252310,-0.67387296,-1.45144599,-1.27066797,0.24058471,-1.08664344,-1.37482562,-0.36112060,0.36828358,-1.16448059,-0.56001650,-0.24671799,-1.02161971,0.01822170,-1.24435774,-1.36044451,0.05950610,-0.75630908,-1.21387858,-0.22826224,1.24542222,0.67257734,0.94684775,1.11574197,1.41788322,0.78973972,0.32522377,-0.40372236,-0.95507029,0.00000000
-0.60872659,-0.97903501,0.55997962,1.48484996,-0.09792395,0.67103810,-0.01472265,-0.20419973,-0.26908316,0.01387405,-0.39931301,0.74631997,1.12281608,1.14865592,-0.81690386,1.18772742,-0.47534630,-0.57207700,0.68026817,-0.58591098,-1.34110078,-0.37914668,0.66439680,-0.51912474,0.38867717,0.48035833,0.70120804,1.19139140,-0.20230650,-1.00070377,-0.54322285,-0.20349823,0.64167441,-1.46063362,-0.55264385,0.83952774,0.51257311,0.69521992,0.93543231,0.84970716,0.54654950,-0.18101540,1.45079499,0.20721959,-0.89169237,-0.62156143,0.58068737,1.27421870,-0.96383961,-1.25296051,1.14459314,1.24583394,0.00000000
0.78244827,0.21871603,-0.67086196,-0.36814283,0.48056399,-0.51020994,1.13147612,-1.17726389,-1.38605334,-0.87454138,-0.64173667,-1.16122023,-1.30292871,0.76682314,-1.00717030,1.24176660,-0.39600102,0.51181743,-0.82379366,-0.77903169,0.22412761,0.18192878,0.80618768,0.77343992,0.51206329,-0.15260830,1.17192116,0.36773547,1.47059547,0.95810945,-1.36707057,-0.53821828,0.21562715,0.66440861,0.15100949,0.85839127,-0.65203304,-0.94826385,-1.33824995,0.21994123,0.56579856,-0.52155085,0.34075255,-1.34352831,-1.20211996,0.60526432,-0.39579088,0.51400209,0.99516336,1.05786731,-0.98349706,-0.04114328,0.00000000
-0.38032294,0.97923088,0.70178017,0.82194179,0.85402794,-0.81549800,-0.92239555,0.27003740,0.72325739,-0.54258145,-1.18588453,0.65023915,-0.60090651,-1.00091183,-1.05682941,-0.55527136,0.27803420,-0.42479328,-1.43801445,-1.20927470,-0.62849026,0.47911345,-1.20445478,0.18197056,-1.14034239,-0.86515402,-0.98343442,-1.29831409,0.51398945,-0.10978936,0.99316032,-1.20332748,-1.06580120,-0.58062681,0.79759796,-0.58272353,-0.27474388,-0.59518930,-1.25932712,1.31830087,0.14561698,0.86349956,0.47507128,0.04276284,-1.23096523,0.42820064,-1.03388893,-0.25685049,0.38733943,0.84668700,0.55513553,0.51460059,0.00000000
-0.65913145,0.06366315,-1.05287337,-0.46161438,-1.37126318,0.65843068,1.35775794,-0.70766883,-1.23690987,-0.07328977,1.07009467,0.15592259,-1.35966855,1.42281672,0.98594973,-1.10521777,1.26539327,-0.14793513,-0.38430603,-0.11684001,1.00371587,0.47843903,-1.32225464,1.37281311,-1.05664760,0.73670386,0.40840959,-0.93741586,-0.98780377,1.11098278,-0.24091523,0.46372954,0.01221301,0.68206055,-0.06227287,-0.63786025,-0.40984989,1.07723308,-0.09589592,-0.85965200,1.30381616,0.88980137,-1.33300156,1.49682889,0.58478009,-1.01920020,-0.78849696,0.57733644,0.83928317,-0.78289217,-0.72909344,-0.57863792,1.00000000
0.88032009,0.33746357,0.29405509,-0.98455147,-1.18727040,0.53659227,0.83729382,0.00278821,-0.40850187,-0.20387186,-0.33477650,1.37995472,0.80426972,-0.87573836,-0.34743254,0.13203687,0.33895759,-0.09544831,0.93037991,0.80281806,0.01547376,1.06328816,0.75326859,0.83574555,1.36920234,-0.70059918,-0.69705551,1.16685677,0.81667912,1.27963662,-1.31060952,0.38327123,-1.06611499,0.01169159,-1.03275920,-1.11576447,-1.46349496,0.39071644,-0.42293215,-1.18443515,-0.53148667,-0.99316773,1.32508449,-0.53998534,-0.49813943,1.01957401,0.44326728,0.63051482,0.40800541,1.33858885,-0.87899751,1.46711773,0.00000000
0.12252613,-0.90210152,0.99286853,0.26691777,0.48711487,0.44647763,-1.32481133,-0.84595050,1.38441265,0.10309329,-0.36493919,0.78611539,0.07355683,-1.46051169,0.70871279,0.69665268,-1.00455386,1.36998027,-0.82827561,-0.12675190,-1.15579212,0.30984696,-0.37364664,-0.44047961,0.98093063,-1.47131486,0.89384031,0.21434570,1.45829554,0.26832966,-1.33386260,-1.34806402,1.14945896,1.02364244,-0.46232977,0.35409745,-0.03122593,1.40149217,1.34988270,1.45151703,1.09934634,1.22865477,-0.84816366,0.99302037,0.62657134,1.38835953,0.21378549,-1.24449850,0.29219667,0.55974278,-0.83903691,-0.31765985,0.00000000
0.33641757,0.95608717,0.29551024,-0.37768279,-0.37515685,-1.10074008,1.32224017,0.75148315,-1.49626968,0.79683985,0.71938498,-1.47080712,-0.39118711,0.32024307,-0.14174804,0.83395836,-0.22362500,-1.03841109,1.42924687,-0.77388002,0.65307693,-1.07053107,-0.51296216,-0.17391717,-0.92330399,-0.15012127,-1.02851153,0.17701962,0.49113976,-1.31269715,1.11339636,-0.94457734,-0.82391272,0.48404952,-0.09374682,-0.00181320,-1.11553505,0.91720747,0.35116274,-1.09385387,-0.37800190,0.93122980,0.20506514,-1.17405366,-0.38166886,-0.77191680,0.05239666,1.03008339,-0.19119860,-0.19997391,1.21605271,0.22855624,0.00000000
0.26522641,-0.34534356,0.19857326,-0.71427032,0.32316824,0.22773140,-0.30944559,1.47208670,1.14567289,0.74875887,0.11203677,-0.11382059,-0.94530781,-0.58278758,0.82188240,-0.13875314,1.14680855,-1.05626659,0.02504129,0.44089705,0.05054537,1.16768067,1.46868985,-1.15249602,-1.11013529,-1.10902766,0.54353129,-0.38197171,0.69994398,-0.28358558,0.38282016,0.80957402,0.14464773,0.11851077,-1.23529702,-0.26765477,0.13733146,-0.11405752,1.20234600,1.21959190,0.96575214,-0.37410577,0.65189746,-0.31413462,-0.80221920,-0.47129207,-1.28710610,-0.50466747,-0.11777335,1.36644268,-0.55976824,1.20736062,1.00000000
-0.38476549,-0.32522404,-0.81342517,-0.92709331,0.05698637,0.51753411,-1.36700325,-0.83680240,-0.13294900,-0.50698699,0.63786324,0.03348179,-1.01892268,1.18339614,-0.62128297,0.69339333,0.83974734,1.38947310,-0.00447760,0.34750655,-0.49537112,0.53453788,-0.10984954,-0.18704291,1.06640259,-1.34949347,1.14588728,1.05620951,0.01909876,-0.02939144,-0.41457790,1.48252138,-1.16649200,0.27064571,0.54504477,1.30299002,0.84061049,0.43154161,-1.14956305,-0.37879945,-1.08347507,1.14363820,0.74886347,0.77261036,0.45676955,0.02113061,-1.05008682,-0.51091534,-1.08925262,0.67473943,-1.01931367,0.60634065,1.00000000
0.55197041,0.20771817,0.57676617,-0.12208656,-1.09431404,-0.55559752,-0.53972067,0.60115540,-1.15877094,0.98720594,0.78302187,-0.94107925,0.65749315,0.50553954,0.74436240,-0.93321433,-1.02722903,-0.79054804,-0.40238489,0.88099494,0.71377181,1.27635478,-1.32411132,-1.46533116,0.59741649,-0.66213751,-0.49776331,0.14040608,-1.19276063,0.42808325,-0.52455766,0.39814537,1.00202074,-0.98666600,1.29261928,0.09206442,1.26878330,-0.87680975,0.31368799,-0.28833865,0.82266657,0.31772683,-0.01645363,1.23895622,-0.36864881,-0.84005939,0.32430356,0.37208531,-0.18271614,-0.04016987,1.37866024,0.69805707,1.00000000
-0.33326345,0.25608308,-1.16819475,-0.86360979,1.42672990,0.67939666,1.24513538,-0.58841561,0.72560058,0.64200813,-0.61593004,0.15244898,0.38224533,-0.05660457,0.98153612,0.99860713,1.05180164,0.91027071,-0.03574957,-0.35568511,0.99412885,-0.02939562,-0.76088580,0.02203060,-1.07445053,0.57488847,-0.49223616,-0.71802360,1.36952624,0.83064299,0.86120851,0.37116591,1.01751843,0.77748744,0.29632111,1.38337321,-0.92521515,1.33013916,-0.29568551,0.08519695,-1.13178204,0.12032232,0.33362026,1.49310463,1.42557723,1.39919188,-0.45483582,1.47379950,-0.13356555,1.05550878,-0.85104009,0.01749954,1.00000000
-0.10425335,-0.50646233,1.39803629,1.34109419,0.55120463,0.89344297,-0.97071991,0.66497565,0.35415243,-1.22534479,-1.16052298,-1.17466915,0.67307080,-1.07485438,-0.09680319,-0.42905458,0.15151242,0.61942946,0.55416761,0.04655975,-0.10699538,-0.30655321,1.08572984,-0.50744459,-0.72190254,0.72994648,-0.42070961,1.04099580,-0.51633384,0.60583447,-1.36467298,-0.34331136,-0.47030948,0.95003622,1.40116621,-0.11735617,0.97450883,0.59908410,1.40215796,0.93332554,-1.26756580,0.63984517,0.10649915,-1.45069183,-0.74606112,1.26526574,1.27818412,0.89655138,1.44533881,0.91963567,-1.46938744,-0.63649698,1.00000000
0.26441693,0.57183172,-1.40812745,-1.21767609,-0.84347755,0.01067564,1.04259601,1.08590027,0.34860558,1.28452782,0.00018698,1.16710813,-0.13780423,-0.66832498,1.24923875,-0.33619477,0.01021233,-0.51341810,0.48851280,1.48509368,-1.42345935,1.19954402,-1.48822183,-0.40731636,-0.99417958,0.77202534,-1.34816748,0.16045486,-0.61522160,-1.09898925,0.81545464,-0.84774950,-0.82897436,-0.67476964,0.26030029,0.47899780,-1.44719243,-0.77439109,-0.20708747,-0.50406914,1.15251198,0.86312619,0.37767065,-0.48587275,0.60201703,1.03091404,0.28449113,0.85338440,0.74731488,0.21521193,-0.56345035,0.73734647,1.00000000
0.49761291,-0.04091207,-0.87961090,0.83846504,0.91364008,0.96643464,-0.08125209,-0.92255770,-1.20082920,0.73008375,1.15878415,0.45251508,-1.06751982,1.30468935,1.46730604,-0.19986417,0.28447587,0.83168556,0.70916937,1.40336158,-1.15535073,0.24217460,0.57579426,1.17029527,1.12232888,1.43399938,0.03623536,0.99228260,-0.21815488,-0.23305837,-0.73995491,0.95471186,1.45744532,-0.73097481,-1.33160524,0.94662731,0.36069016,1.37909640,-0.74328234,-1.28691703,-0.02267322,-1.24360193,-0.71463000,-1.12206642,-0.82760346,-1.18156604,1.36171800,-0.66431186,-0.16830724,1.19583542,0.53196476,0.35411244,1.00000000
0.52803287,0.42944649,0.61668957,0.98646677,1.13300780,0.42791901,1.17002182,0.10619258,-0.66812743,1.14023013,0.12441848,1.21841276,-1.37949656,-0.30745275,1.34341506,-0.75104972,1.32460874,1.36170738,1.14642694,0.19100414,0.44081835,1.10885100,0.82769125,0.39028155,1.44677822,0.55702991,1.42644598,-1.32783458,-1.08311889,-0.14562346,-0.34536162,0.84820452,-1.01815792,1.42828554,-0.55480237,-0.21322888,-0.67576490,0.23809085,-1.32411390,-1.05096748,0.73739311,-0.94049825,-0.79345665,0.87894671,-1.22009646,-0.18757853,-1.43080984,-0.45957780,0.59694421,-1.22969016,1.16500388,1.22849713,1.00000000
-0.48297729,-0.09265953,-1.18502887,1.47219731,-0.60741134,-1.24769499,-1.48479866,-0.27443131,0.38942996,-0.50346225,1.01015210,0.64981883,-0.44951540,0.70292900,1.32146321,-1.22071200,-0.58168812,-0.11002218,-0.00602962,0.12658693,-0.59811928,0.50177894,0.43525351,0.23346452,-1.15871483,-0.06909633,-0.43131934,-0.02688459,1.26559931,-0.05840597,-1.45805762,-0.18348979,0.96194454,0.84018277,0.04017022,-0.75069296,-0.10473401,0.19110666,1.49961431,0.43253427,0.58279479,-0.02563757,-0.43653135,0.93885895,-0.01520303,1.48407039,-0.12863828,-1.29599915,0.54773441,-1.36007565,-0.74849521,-0.43878524,1.00000000
0.22985493,-0.45271479,0.71845076,-0.01729222,-1.41406221,0.35054955,-0.26569129,1.26550353,-0.00131307,0.62692544,-0.84339452,0.78292069,0.66286593,1.21224513,-1.39853507,-0.15749791,0.53746621,-1.21450830,-0.26818780,1.32643981,-0.19219653,1.45621435,-1.32948282,0.65348933,0.24304871,0.00161903,1.41254220,-1.11104880,1.18799686,0.57372123,-0.72301178,1.20500744,-0.21211525,0.94268198,-0.33349045,1.05279248,0.40988736,-1.07686010,0.44898949,-0.92596571,-0.26423212,-0.98911325,-1.43395165,-0.86434038,0.10911607,-0.05531710,0.00449129,-0.75693936,0.55548360,0.61278986,-0.42609652,1.14351027,1.00000000
-0.02441626,0.59429427,0.43206965,0.63911783,-0.66798025,-1.49816509,1.09612684,0.96727315,-1.13042434,-0.37768460,0.48401793,0.45633257,1.08105100,-1.07919552,-0.21018076,-1.20832675,-0.33121425,-1.45467766,1.19481920,0.08113199,1.04940678,-1.32028590,-0.81762567,-0.72186001,-0.33992552,0.90859912,-0.34032638,-0.88603941,-1.30502922,-1.26152475,0.78014162,-0.16559103,0.67854337,0.54686137,-1.09391261,-1.07133620,0.76602605,0.66380488,-0.36590770,-1.26773321,-1.46370593,-0.63552915,-1.47233318,-0.80978214,-0.24149778,-1.13575270,-1.18716673,1.18931231,0.25641009,1.30336706,-0.46252151,0.53143481,1.00000000
0.61335574,-0.08614992,-0.88592498,0.35502095,-1.11124281,-1.49375808,1.29459540,0.16468313,1.28082199,-0.49850543,-0.51664179,-0.29803499,0.61812295,0.19742590,1.27606472,-1.42367730,0.62458781,-0.50901693,-0.95929904,0.03118687,0.01519135,-1.08896691,-0.89431183,-0.27550601,-0.27356576,-0.54732558,-1.05436455,-1.48687896,1.41070519,1.33049769,-0.04904886,1.48515526,0.52096299,-1.29342739,-1.14684540,1.24833253,0.39015661,1.02955088,1.19480895,-0.15617397,-1.35442215,-0.93515895,-1.30028416,-0.93378046,-0.26840122,-1.14540957,-0.99980026,-0.16253465,-0.47948715,-0.09702563,-0.21248392,0.43343408,1.00000000
0.21368944,-0.33293538,1.31156865,-1.17640698,-1.20221955,1.05841833,0.01919011,0.79921507,-0.85373429,0.98658772,1.27153987,0.40644905,-1.18236294,1.18588444,0.87746318,0.75263333,-1.38981543,0.89688758,-1.08614697,-0.83284147,0.23140450,-0.70505768,0.48404462,0.32421134,-1.17555121,0.46804374,1.27186473,-1.01667028,0.29118606,-0.47440388,-0.12116498,-0.63899946,-0.43760809,-1.41326453,1.44465521,0.37439977,0.00211677,-0.34885395,0.11812368,-0.35968200,-0.42027622,-0.10816037,-0.67205090,-0.95985030,0.16981769,1.02829631,-1.04151547,-1.40179698,-0.75956476,1.43916193,0.98627422,0.28759816,1.00000000
-0.64716395,-0.11865977,1.28774675,-0.16416265,1.44984181,-0.61109386,-0.77908275,0.41414460,-0.36553810,0.37909663,-0.58501345,0.35375477,-0.67276122,-1.34708379,1.23640771,1.14961561,1.41239445,0.64958153,0.54816353,0.17700921,-1.12217275,-0.93229407,-0.63159093,1.17046909,-0.98109143,1.26861952,0.06835720,0.64670891,-1.16926654,-0.69289935,1.37555582,-0.70155016,-0.61043484,-0.90720785,-1.11277900,-0.80022708,0.42698068,-0.13389680,0.16126751,-1.13290551,0.90634934,0.85228410,-1.43523027,-0.34945472,-1.29368819,0.87631734,0.71180905,1.20596428,-0.79078812,-0.13111235,-0.94653637,-0.38629520,1.00000000
-0.34150447,0.41044522,0.06672975,-1.34000763,0.64461123,0.12988008,0.98687705,-0.68465850,1.20996332,1.49608276,1.25789532,0.83367743,0.93710641,0.22123273,-0.92953841,0.53112206,0.63825901,1.45615542,0.12390395,-0.68589295,0.55101757,1.43812746,-0.96835828,-0.52200624,0.12564286,-0.98935610,-1.43333808,-0.48905063,1.09611240,-1.36959480,-0.21321282,0.78660232,1.35954779,1.45642620,-0.23409186,1.35115288,-1.39374308,0.73775081,0.42823810,-0.75143443,0.02195550,-1.11133879,1.11479145,-0.42630574,0.37813341,-1.02367114,-0.88150547,1.47586911,0.75925918,1.38591561,-0.61244650,-1.00631137,1.00000000
0.55042675,-0.00436592,0.00920539,-0.01599515,-0.97516046,0.69965871,-0.41466740,-0.94090431,-0.50404982,0.19097610,0.67941280,-0.05432734,0.07678497,-1.08316219,1.24407277,1.28617259,0.55027977,-1.44710577,0.11122265,0.38765692,1.48396267,1.48820087,1.07283371,-1.30850702,1.35982917,0.33798374,0.90266031,-0.27842145,-0.54099159,-0.11026756,-1.05937646,-0.42880158,1.07285250,-1.38614854,-1.04736586,-1.12465152,-0.29077337,1.49096070,-0.97992621,-1.06355205,1.24516719,1.14615155,-1.40327889,0.75511788,0.46639710,0.80322243,-0.01649264,1.47413766,-1.36845894,-0.79688524,-0.31036204,-0.15066618,1.00000000
0.24813434,-0.84339574,1.26410221,0.18001309,-1.36466701,-0.27641111,-0.25052876,1.39647282,0.29759127,0.40695321,0.63975909,0.81011795,0.40515321,-0.78841695,1.12213774,0.69635940,0.72561146,1.48967022,0.90757960,0.98745421,1.35421655,-1.04659800,-0.00681787,0.24170107,-0.51217281,1.01821003,0.78725886,0.66264922,1.49144832,-0.72185588,0.70637176,0.15421342,-0.56103245,-1.01823939,1.18765151,0.28636645,0.97480151,0.13603495,-0.84006876,-0.48735356,-0.35538347,1.41880444,-1.48310016,1.45699807,1.44138491,1.48845237,-0.07023546,1.39142691,-0.31320245,-1.42111668,-0.82695844,1.33588873,0.00000000
0.19459757,0.98612965,-1.45870592,0.13798241,-1.27319523,-0.64081026,-1.23572145,1.07858586,0.27321213,1.20631940,0.56505960,1.41308739,0.02963296,0.41613175,0.22892646,-0.04721871,1.03787810,0.43357541,0.90393679,0.85909181,-0.92686452,0.45049060,-0.90105594,0.24996143,0.53230405,1.49170521,-1.40837407,-1.22627282,-1.26891991,-0.30491614,0.96476508,1.03216900,0.71093879,1.19063473,-0.53142017,-1.23553607,-1.32554092,1.05639816,0.69130888,0.59584592,-0.48097098,-0.36028443,1.37434059,-1.30858577,0.82119521,-0.57110003,-1.38283614,0.72771033,-0.50726434,0.66644256,0.62296315,0.10436063,0.00000000
0.48547779,0.25840847,0.83211939,0.24311497,-0.64008944,0.70234590,0.26741945,-1.46181815,1.20493253,0.13693085,1.10588180,1.14821052,-0.16510003,0.02297999,-0.25273684,-0.15168967,1.18544148,0.86443204,-1.12042297,0.33092334,1.48771992,0.28665210,0.85761488,0.80718442,-0.44904742,-0.38445209,0.67222927,-0.00004941,0.21171213,0.63871737,0.83272508,-0.68545027,-1.05961872,-0.62461606,0.02261498,-0.47357605,0.20508828,-1.33960283,0.02925123,-0.39604528,0.10400026,-0.23239994,-0.64732245,1.21232372,-0.94570503,0.54409673,1.27393414,0.11600988,1.12922547,-1.12544556,-0.01863369,-0.12892416,1.00000000
0.95538369,-0.20596965,-1.47564358,-0.17022798,-0.39291073,0.50939618,1.31498934,-1.24262674,-0.51757084,-0.16780579,-0.13444387,0.82442916,-0.16981300,-1.41851610,0.63031228,1.15448909,0.04171414,0.24332557,-1.01119068,-0.83806217,-0.79448928,-0.20777408,1.28443566,0.06535430,-0.92370706,-0.70173679,-0.34795491,0.36977693,-0.17990054,-0.32266547,0.19418580,-0.77449502,-1.26329018,-1.42675706,-0.74622251,-1.22522390,-0.49097808,0.81880062,0.64888299,0.33278287,1.05750073,-0.65379713,1.15516126,-0.30228249,-0.29732005,-0.28394516,-1.20571690,1.42647149,-1.08447967,-0.47734283,-0.54209904,-1.27596170,0.00000000
-0.46500990,-0.05321585,-1.04321961,-1.36542499,-0.62278652,1.09997077,-0.48167338,-1.12892450,0.43708161,1.48980274,-0.80302863,-0.66128698,1.41554116,-0.96367114,0.03364220,-0.78104360,1.29705569,1.44456304,0.94409354,-0.55564855,-0.28953757,-0.77308295,1.17227390,1.24367483,-0.24338801,0.46959921,-1.00334046,-0.19519230,0.39449732,-0.34379064,-0.42720142,-1.49700302,0.91288039,1.16801284,1.40839059,0.65781416,0.14637694,-0.69214644,1.49789843,0.26925856,0.54346222,0.54721849,1.03575539,-1.47098238,-0.83925918,0.49660200,1.18543721,0.55601635,-0.25952613,-0.41533351,0.71384402,0.72371309,1.00000000
-0.08502881,0.68183560,0.32117398,-0.62559893,1.27546446,0.15563983,0.87147707,-0.85707521,-0.46787763,1.12373855,-1.34967891,0.03694593,-0.05488356,0.75369057,-0.65431869,-0.84279953,1.27839852,0.21512896,-1.18593130,-0.92089151,1.49647818,-0.91317301,0.33142653,-0.23961576,1.15679728,0.76550578,0.29085419,-1.46778305,1.13938562,-0.16599759,1.29473296,-0.01338296,0.58267347,-1.29212205,0.73545496,-0.48601191,-0.44592296,-1.14403247,-1.05942855,-0.94272283,-0.51538149,1.17590974,-0.39521929,0.67308812,-1.25175749,0.27329640,-0.05432631,1.43387384,1.03862331,-0.13551068,0.82542829,-0.92088378,1.00000000
-0.94674700,-0.09263714,0.18700898,-1.27614283,-0.45573290,-0.82241346,0.65672945,-0.02972793,0.75321144,0.04588631,-1.24054667,0.70610295,0.99968779,1.21059368,0.21597584,0.76075608,0.75613301,-1.03275072,-1.00733794,-1.28734348,-0.54025909,-0.07947424,1.49369356,-0.20701997,0.67872777,0.58019108,-0.88655415,-1.32447855,0.13802025,0.60091678,1.49475537,-0.42416684,1.18909369,-0.35420263,0.56823513,0.29475879,-1.34106362,-1.26483472,-1.43770773,-0.38749775,0.73740315,-0.98173382,0.31755891,-0.63351666,0.89097787,0.89518845,0.82624354,0.07450054,-0.64629987,0.92833213,-0.94169831,-0.63072119,0.00000000
0.01605736,1.00192374,-0.94815688,0.52263048,0.55870808,0.45752998,-0.25319560,-1.19948698,1.23350875,0.02319289,-0.27908342,0.26647468,-0.92162869,-1.10235366,-0.28342434,-0.81833792,-0.76712912,1.17753446,0.09227753,-0.04959281,0.56843878,1.35464434,-1.16340431,1.00060370,0.25205754,-1.06150394,-0.60855204,-0.05291575,0.57353143,-0.77217895,0.10463645,0.55401488,-0.15377775,1.08907788,1.10837731,-0.08792635,1.41877713,-1.27324472,-1.48991287,-0.35799521,0.30329118,0.38760047,-0.07066279,-1.12535006,-0.98850743,1.05644395,1.10373340,0.52169561,0.49265392,0.29304638,-0.89122234,-0.21524790,0.00000000
0.93572125,-0.01600380,0.58768395,0.11175682,-1.44425900,1.36067042,1.03444816,-0.71836496,0.34937681,1.26971815,-1.21196696,0.00908844,-0.13127092,-0.26938498,1.00676583,-0.35806156,-1.30901000,-1.30248677,-1.37176618,-0.27256373,0.65521883,-0.88883261,0.43940556,0.56126542,-0.73439363,0.30167297,0.55460502,-0.10015913,-0.48985021,0.35745465,1.43354126,-0.21947577,-0.32479471,-0.10719929,-1.27134482,0.15948984,-0.51390784,-1.13573363,-0.10122978,-1.48984804,-0.29464426,-1.18279420,-1.42712189,0.97342514,1.24874641,-0.87697605,0.11789479,-0.66612553,-0.01926768,-0.19010604,-0.69284683,0.60118074,0.00000000
-0.01503993,0.90447346,-1.12052712,-1.34078165,0.80302630,0.49779009,-0.00442163,-0.09663069,-0.00776586,-0.18892777,-0.32132311,-0.00092819,0.08554551,0.57570694,0.63362148,-0.36711276,-0.25937843,-0.37890849,0.10960732,-0.13993939,1.16878939,0.58908380,1.19596915,0.62741097,1.41297645,0.40721033,1.39065041,-1.02549033,-1.34256696,0.23737556,1.45047962,-0.24718426,-0.86386991,0.06462435,0.44639587,-0.55446391,0.64430808,1.42534352,1.19088937,-0.62524388,-0.51982895,-0.38537633,-0.31634166,-1.19904150,0.78588852,-0.40398221,1.13945993,1.28082187,-1.42670607,1.46550921,0.63006819,0.06117668,0.00000000
-0.77723648,0.52483360,-0.33141717,0.05555440,-0.52612583,0.36806344,-1.22105917,0.36336781,-0.67396545,-1.44709551,0.15811730,0.23534327,-0.22029299,-1.28314130,1.18002886,0.33429242,-1.15286010,0.03279173,-0.00823705,-1.31879439,0.32057911,0.92497920,0.74702416,-0.89109176,1.08687759,-0.47237350,1.33952513,-1.28475611,-0.04137393,0.29137313,-0.75704970,0.81414057,0.38068704,-1.44567169,0.32510577,-0.02556530,-0.91191239,1.48724468,1.19148658,-0.62247691,0.12321276,-0.55049358,0.82648725,1.29099430,-0.42351418,0.91675275,-0.00477737,-0.31026432,1.31526556,0.03121407,-0.09776850,0.51730321,0.00000000
0.51332945,0.06234979,-0.71629740,-0.52562139,1.29613751,0.53558954,0.97991144,-0.68666471,0.13137057,1.41418880,-0.54388830,-1.01857057,0.03265802,-0.33653673,-1.02126830,1.16565415,1.47217173,0.20574654,0.82403031,1.07711511,0.60294602,-1.36753185,-1.02709730,-1.28703243,-1.47036118,-0.58201077,-0.32293212,-0.77691080,-1.30618606,0.08958927,-0.68004204,0.88811146,-1.47584214,1.02758115,1.36426104,0.64840519,0.70093220,1.30068693,-0.87278614,1.48369670,0.82044361,0.67971212,-0.41672826,0.13733246,0.46175336,0.36102858,0.61495392,-1.25285478,-0.43305470,-0.19799995,-0.71811211,-0.98211819,1.00000000
0.47759152,0.93191234,-1.08321756,-0.40084982,-0.01967490,-1.31107068,1.33937428,0.79572997,0.69255532,-0.98141843,0.31140230,0.08917484,1.44740654,0.74301531,0.22728565,1.05243800,-1.03471719,-1.45435041,0.57070000,-1.20506562,-1.15369908,0.73404218,-0.68839547,0.38589365,1.25222078,-0.55057641,-0.84856753,-1.18031135,-1.10861292,-1.31333191,-1.23707286,-0.20398623,-0.53740486,0.61968244,1.11072497,0.85431961,0.09191177,-1.19267365,0.62930185,-0.41151383,-1.24304882,1.02739922,-0.48535045,-0.84525350,1.11435619,1.20640161,-0.48308749,-0.43559574,0.23888558,0.70032448,-1.31055239,0.28003097,0.00000000
-0.25276386,0.52276642,1.35846019,-0.71371831,1.22648164,1.35050502,-0.69253908,0.76260560,-0.78367498,0.71283349,0.89225991,-0.75838289,0.64760863,0.93631362,-0.42426338,-0.99689167,-1.22410630,0.22614511,1.43429436,0.96885096,-0.19248108,0.10986271,-0.66141634,-1.01080240,-0.05375653,-0.10949530,0.06578986,1.35841376,0.31168590,0.31731551,-1.11592571,1.48946660,0.81853483,1.13161003,-0.25709876,0.00638429,0.06625143,-0.91771638,0.56846747,1.20893017,-1.00888255,-1.24104518,0.71465672,-0.68039450,0.37158762,0.58727501,-0.53426771,0.94543379,0.14996695,1.10699822,0.78988066,1.10572690,1.00000000
-0.80356290,0.31330201,-1.43951585,-0.76948122,-1.22997618,-0.17375095,1.16988036,-0.09737921,1.04913913,-0.51846529,-0.48128978,1.18668519,-0.22254856,0.86929646,-0.79006936,1.34640249,0.22373474,0.77797071,-1.23145290,-0.02200732,1.20311549,1.13111589,-1.35955813,-0.58890459,-0.17003998,-0.98320556,0.68999493,-0.94646401,-0.46008092,0.48984191,-0.05373197,0.71571312,1.38362370,-1.15035994,0.62870315,-0.80896753,-0.25656982,-1.40141182,-1.09227785,-0.54066813,-0.47404258,1.19875565,0.72543873,1.41654890,0.29721453,-0.77485880,-0.51703491,-0.54049223,-0.52051702,0.51889252,0.09242378,-0.34372747,0.00000000
-0.24757853,-0.53194219,-1.05273069,-1.43358251,-0.84349597,-1.17758579,0.85633509,-1.16250613,0.67268471,-0.34302393,-1.27986483,0.93819015,0.23889171,-0.79271546,1.18404352,-1.36422506,-0.89454118,0.75614078,0.62813379,-0.63218492,-1.31392537,1.07423422,-0.55890709,-0.91285976,0.04818547,1.23068160,-1.36936027,0.79741226,0.21741968,-0.22365265,0.73224133,1.39747327,-0.81238137,-1.06905790,1.23864524,0.50685923,-0.18604194,0.21977871,0.73684172,0.81909570,1.25968254,-0.21947163,-0.61976727,0.41899280,-0.25281630,0.28379536,-0.24004260,-1.04101264,-0.09171975,0.57275347,0.89785142,-0.02002117,1.00000000
-0.08761681,0.93853770,-1.00428633,-0.25593687,0.85888179,-0.26142219,0.58959238,0.02164105,-0.77633062,0.88845152,-1.24735964,0.07467085,-0.87332690,-1.29880311,0.00880181,-0.00131353,0.62070271,0.73425208,0.68337447,-0.27132380,0.39506936,0.23083573,-0.23531473,0.29163808,1.34174363,-0.92131877,1.21731629,-1.33963346,-0.57483236,-0.63556425,0.37909532,-1.10632514,1.14704284,0.98565423,0.45619746,-0.12475850,1.29886813,0.99223966,-0.00205456,0.60562006,0.20078986,0.26382672,-0.50707179,-0.11374619,-1.26563571,-0.42795393,0.58748555,1.35964809,1.38919234,0.16716861,0.31986676,-0.94283644,0.00000000
-0.17733526,-0.47840344,0.58592432,-1.28802362,-0.64594294,0.50509004,-0.56906961,-1.35045938,0.99561123,-0.56900998,-1.31068433,-1.27563551,-0.74472360,-0.96595216,0.82290035,-0.53494786,0.91408736,-0.97846201,-0.02136246,0.56411140,0.45597256,0.30338823,1.27446481,-0.81442456,-0.01884239,1.15197765,-1.26631870,-1.33233520,-0.80009314,0.39906366,-0.72036112,-0.92928035,-0.12359305,0.34079421,-0.75432688,-0.59792644,0.34067791,1.33721527,0.52422518,0.84871243,-0.39956972,-0.68323692,-0.13719677,0.92139849,-0.13110107,1.04017623,1.46631594,-1.28392000,-1.36376953,-1.05123089,-0.34689097,-1.10687337,1.00000000
-0.23500938,0.47138561,1.11199343,-1.43056125,-0.55262185,-0.94591611,1.29461799,0.50844301,1.23609077,1.41698613,-0.00870527,-0.79704268,-0.91881364,-0.83124341,0.62577992,-1.37866282,-1.34591678,0.32442883,0.42617144,0.49578877,-0.38435849,0.91783467,0.10087376,-1.18360311,0.89129792,1.35920336,-1.31989106,-0.32594598,-0.03745187,-1.06058772,1.10312684,-0.64755107,0.84902562,0.51298345,0.29413747,-0.92357145,-0.83788944,-1.35795479,-0.77786271,-0.46366917,0.99943591,-0.40082200,0.76386535,-0.18167316,0.85460494,1.42881480,-0.78047533,1.08702484,0.36547226,0.95188278,0.45475771,-0.22815148,1.00000000
0.25813429,0.45651156,-0.81577518,-1.28989432,0.10655509,1.47097828,0.71412542,-0.51796338,0.98161440,0.80695200,-0.65509262,-1.45707753,-1.14551208,1.13191857,1.00968911,-0.61437300,-0.64441372,0.87859496,1.31321241,0.83741177,0.31673603,-0.77198595,0.07724374,-0.79946442,0.92403426,-0.33911676,1.00109165,-0.35517235,0.97244822,-0.50004655,-0.17960189,0.34646526,-1.28913716,1.34462119,0.22081736,0.02346004,1.01818191,1.09728819,0.06678121,1.28178698,-1.30578670,-1.16032262,0.29036469,-0.43780241,-0.10732450,-0.51576235,-0.28582407,0.96793904,0.28042860,1.49203365,0.86063759,-0.67900124,1.00000000
0.79921263,0.35725864,-0.70696465,-0.49230519,1.02977844,-1.41813705,-0.80945616,1.21475526,0.41968931,-0.81945871,-0.84256510,1.08785431,1.18127252,-0.73160673,-0.23846893,1.00378722,0.81302232,0.94174832,0.05519457,1.23464714,-0.52214537,-1.02998360,0.62619700,0.11806325,1.06375731,-1.25652225,1.03107721,-0.62011604,0.46456700,-1.37961363,0.32874389,0.65181507,-0.39374936,-0.85376788,0.11289203,0.99957241,-0.52935793,-0.74259211,-0.66319407,1.34739646,-0.42216925,-1.48918728,0.84504362,0.59782439,-1.11429521,1.45471275,0.32418686,0.00233847,-0.35334220,1.19601827,-0.76810956,-0.64269330,0.00000000
-0.36846074,-0.15931822,-1.13276758,0.77735729,0.28664784,0.32719851,-0.84458871,0.45350517,0.79637534,-0.42633441,0.90404143,-0.45362823,0.77441538,-1.39880968,0.15349380,1.40857968,1.44373380,-0.65474226,-0.17580273,-1.31106628,1.12002392,0.20571646,-0.34469796,-1.16168832,1.34030186,0.09065714,-0.65121621,-0.44935461,-0.68790846,0.30542943,1.28989073,1.07008141,-0.11885737,0.97949809,-0.23068356,-0.74307858,1.45024535,-0.58833730,-0.52882731,1.46907860,-1.09821752,0.78160196,1.30743828,0.03538498,-1.49243471,-0.37482317,-1.16529302,-0.25143702,0.87008028,-0.18386535,-0.20422464,0.17036843,1.00000000
-0.87791252,0.30565388,0.24507175,1.06888893,-0.57493368,0.96501379,0.19780125,-0.59841135,-0.61462187,-0.41658745,0.36807973,-0.80756481,1.26100069,0.22473775,1.26004733,-1.36078692,-0.47216589,-1.43157702,-0.68324455,1.08601942,-1.39017085,-0.19155870,-1.14729879,-0.24947802,1.01655475,0.36921310,0.71026904,-0.45268765,1.33319309,0.62778628,-0.23460354,-0.22060560,1.25605253,0.22921408,0.61913763,-0.24889433,-0.82892171,0.67067788,0.32347132,0.00402864,0.37206282,-0.87514324,0.88181612,1.34448842,1.17330943,-0.53569276,-0.28198268,0.92520690,0.28535139,0.14374333,1.27992590,0.10807488,0.00000000
-0.25546567,0.47274544,0.04481604,-1.37394423,-1.29174912,-1.47773908,1.23973268,-0.27484002,-0.09431587,1.03616084,0.32773893,0.32850479,-0.61039671,1.00172512,-1.00251007,-1.34055122,-0.92518993,-0.69678834,-0.65306683,0.51154080,-0.84652624,0.52997491,-1.22660348,-1.05839262,0.02646435,1.26568741,1.07870277,1.40626033,0.45143720,0.52744460,0.37506900,0.36845677,-1.05863896,0.13121687,-0.34179620,-0.17238835,0.07080172,-1.11481148,-0.42153680,-1.30965132,1.43900439,-1.14441591,-0.72442578,1.17387878,-0.05186986,-1.09308840,-0.34730839,-1.15239602,-0.89935201,-1.34391046,-0.18531752,0.91990837,1.00000000
0.41221151,-0.88046369,0.25790754,0.31903592,-0.89824791,-0.46831847,1.03572631,-1.23643145,1.07379196,-0.04892992,1.01144229,-0.54598074,-0.48347115,0.75481460,0.85498852,-0.81106597,1.41861397,-1.24652969,-1.29449111,0.28651265,0.66822230,1.38265839,-0.28516266,-1.42412577,0.30868902,-0.63091194,-0.20115864,-0.03459155,-1.30646217,-0.04205465,-0.22104100,0.63763280,0.43699773,-0.94435285,-0.88158325,-0.74698146,-0.96314868,0.47163960,1.48329054,0.45632502,0.32004464,-0.27021620,-0.56225922,1.23322127,1.40700562,-0.00967147,-0.62939851,0.81036662,-1.10262963,0.79676471,0.95684512,-1.12528817,0.00000000
-0.11667180,-0.45924405,1.43058441,1.45653687,1.31015844,-0.01189557,-0.76177757,0.24602784,-0.24019848,-0.88215407,-0.22897077,0.49166951,-1.28726007,-0.49974600,-1.44661533,0.74848652,0.42207380,-1.31198360,1.39421268,-1.43213533,0.26988194,0.82910239,0.86368894,-1.39714459,1.21924540,1.25535502,0.18417112,-0.05375040,-1.36539761,0.18586243,-0.27186275,0.81841922,-0.28834930,0.55074250,-1.19577556,-1.10114319,-1.08086943,-1.36342350,0.12398658,0.88190318,0.33123361,0.22486466,0.54187179,-0.48106403,-0.41413779,-0.55718971,0.63632680,-1.01507899,-1.46092416,0.28858934,1.32714409,0.32822375,1.00000000
0.31744971,0.02921882,0.84876496,0.51837213,-0.00769004,0.65517721,0.97231237,-0.82580507,-0.49160856,-0.82882280,-0.14348113,1.15519365,-0.46437870,-0.37659933,1.08110170,0.04612299,0.10634700,1.08240361,-0.02841979,0.54467260,-1.24306600,-0.96410486,-0.28687140,-0.01548280,1.39720110,1.41195490,1.05359126,-0.55320349,1.39208487,0.56802259,-0.32117962,0.60502475,-1.45043181,-1.06153595,0.98905713,0.43672091,-0.40741590,0.00199992,1.21542645,0.39473433,-0.30555215,-1.13902003,-0.61875960,1.43502070,-0.18791081,-0.08448161,-0.00420590,1.15231207,0.31178485,0.58103111,-0.33175937,-1.41273714,1.00000000
-0.36809320,-0.92200341,1.29291874,1.34738304,1.34745916,1.33106126,0.94572582,0.55378815,1.03352975,0.30163872,-1.09689116,-0.32634550,1.41388474,-0.44658656,1.10348374,-1.22036559,-0.49744847,-0.44714003,-1.34519237,-1.14271701,-0.92050437,1.01344677,-1.30979403,-0.60389730,-1.46947499,0.58688324,0.36090927,0.43494679,-0.37685165,-0.87519654,0.66096064,0.93335362,-1.08419551,-0.03951172,-0.75385295,-0.99567942,0.70297594,0.11429081,-0.85144400,-0.56999997,1.39996101,1.04603869,1.13984023,-0.11996371,0.37142179,-0.36969678,-1.26686407,-0.29679207,0.28194226,-0.63856719,1.04385172,-1.04669952,0.00000000
-0.50244280,-0.21618416,-0.39861273,-1.12528828,-0.28550360,-1.38101609,-0.68235181,-0.29779423,-0.06550391,0.13108908,-0.67502661,0.06912400,0.02701386,-0.55146585,0.99060099,0.13692338,-0.50319084,1.34201554,1.03533724,1.44776343,0.57670162,-0.36533128,-0.65741800,0.48995353,1.44244975,0.38014524,1.14484482,-0.51268971,-0.27913865,1.21882572,0.77060011,1.44423096,0.82429263,-0.15445288,0.09320406,1.20154648,0.15494021,-0.73380788,-0.19314056,0.04894797,-1.20984050,0.73128802,-1.17193820,-0.28524686,0.91386732,-0.09728892,1.02604656,-0.47435603,1.37290888,-0.87159470,-1.38520757,1.11727963,1.00000000
0.43926624,-0.13792934,0.75660815,-0.80404849,1.45422482,0.00684039,1.35319632,0.01508631,-0.08437624,-0.15258439,-0.49537417,0.10110449,-0.14233601,-1.38975937,-0.71869430,-0.86063160,1.10230681,0.29660993,0.79104930,1.37047811,0.43211782,1.44782997,-0.56470785,-0.94119845,-0.29007034,-0.08760176,1.18608463,0.17982132,-0.62345700,0.72790285,0.01749581,-1.01360416,0.23045936,1.23418361,1.02786785,0.26042992,-0.36875048,-1.23906375,-0.09105323,0.75623831,-0.41917884,-0.79365952,1.29413916,0.96466710,0.41482686,-1.08964997,-1.06527348,-1.19034123,0.34889000,-1.15331161,1.02788160,1.47889501,1.00000000
-0.46780077,-0.19333149,-0.40095545,-0.13899046,0.63500153,1.31145902,1.18228132,-1.32722451,-0.99278459,0.76379160,0.56667932,-1.10034422,0.00619375,0.84244389,-0.84365795,1.11386291,-1.34108468,0.84658526,0.34745670,-0.55440196,0.66279765,0.84709739,1.30169691,-0.39667598,0.55805021,0.30784883,0.07561821,1.17124942,-1.49049806,-0.65366518,0.11483172,-0.96512022,1.22359960,0.44278535,-0.06635102,0.94410528,-0.14734143,0.17595904,-1.49174701,-0.40289841,-1.08362858,0.56906604,-0.06291912,-0.59472733,-0.09650298,-0.87111034,1.27525990,-1.33808210,1.09625111,0.03407637,0.35683949,-0.59218314,1.00000000
0.15544401,0.54574007,1.40009285,-0.65444712,0.26663399,1.48025012,1.14328319,0.10898948,1.47112357,0.60410959,-0.87389875,-0.28321137,-0.49652000,-0.46795888,0.78136932,0.25278878,-1.38572187,1.13234545,-0.60961158,1.49122463,1.36257219,1.32159215,0.93338281,-0.83816000,0.09789823,-0.82709212,-0.72097363,0.33285531,-1.37749936,1.40837570,1.25601952,-0.35769728,0.04626734,-0.10164174,1.14659934,0.56580563,-0.66566626,-0.15947624,-0.21310207,1.37800550,-0.97406727,-1.23127099,1.14185650,1.19005797,1.11521726,0.03293075,0.47923328,0.19008914,-1.29165652,0.28750469,-1.45915756,-0.52503777,1.00000000
-0.17376415,0.95665228,1.29687773,-0.58786419,1.31947993,-0.74959813,-0.55631328,0.38522249,0.78488092,0.00416330,1.14634706,-1.37927874,1.26658452,-0.91107660,1.15271624,-0.29741046,0.99827117,0.51499665,-0.97217510,1.25414271,-0.76344783,-0.76757964,0.94253669,-1.18238023,-0.83389228,0.01103272,0.99143109,-1.05754808,0.14300470,0.63372178,1.08178567,1.30669668,0.85391974,0.45848519,-0.19913974,-1.16366954,0.62921158,1.47821191,0.71028178,-1.44986672,-0.01122007,0.34393990,0.56902260,0.65917751,0.17432532,-0.82991900,1.32660198,0.58999940,-0.78947989,-0.53303450,1.26578301,1.16245556,0.00000000
-0.18467724,0.94333306,-0.28456068,-1.38507833,-1.35450789,-0.64824513,0.38736666,0.25258391,0.40148336,0.65184892,-1.44290324,-1.18474321,-0.42154964,-1.03542001,-1.27403987,0.42289319,0.94600943,0.75787997,0.95111934,0.49756963,0.70603597,-0.68466368,1.47902411,-0.95050304,-0.85651838,-0.63323450,1.42599729,1.46486577,0.88468125,0.38717280,0.06018773,1.41186254,0.58686841,1.33419038,-0.55034760,-0.49867562,1.06417378,-1.05043524,1.33778358,0.02242306,1.27924164,-0.48962163,0.64787671,-0.05137463,0.38041089,0.01311748,1.40134685,0.57631619,-0.74604309,1.22903077,-0.61791079,-0.38518470,0.00000000
0.80089565,-0.82190185,-1.19362891,1.19989956,-0.64166393,-0.72324715,1.26078779,0.91658059,-1.07676324,0.80797351,1.23909929,-1.26446635,0.97564498,0.14226016,0.50759235,-0.02143698,0.59340925,-1.39770641,0.78812017,-1.39996891,-0.13410046,-1.04710502,0.97072283,-0.55901727,-0.13771937,-0.21374778,0.81750590,-0.05656692,0.86687501,-1.27947517,-0.92521810,0.15460275,1.34126497,-1.27572646,-1.37074735,-1.03034798,0.42345939,-0.30302125,0.97665714,-1.28420055,-0.91075774,-0.59992078,0.38019026,0.55551807,-1.12739012,1.33141413,-0.47686759,0.63950629,0.07262316,-0.83172566,1.03868497,0.95471408,0.00000000
0.86285060,-0.27471894,-0.31178444,0.26582276,-0.72652291,0.56955489,-0.57291956,1.03223620,-0.84784469,-1.45558973,-0.69447587,-0.92684254,0.02485932,-0.88889013,0.78956961,-0.77588809,0.62090454,0.23541277,1.45874957,1.49970293,1.10857825,0.77995011,-0.34063076,0.75983018,1.37002661,-1.42986727,0.11374410,-0.84600509,0.17362895,-0.10065873,0.22730574,0.15288666,1.38032112,0.15655833,1.03869626,-0.54053914,-0.18569793,-0.08875957,-0.66381587,-0.36062922,0.29553924,0.24056329,0.40930603,-0.44454625,-0.55250551,0.33485365,-1.10141475,-0.74090537,-1.37361679,-1.28216744,-0.76985016,-1.44141216,0.00000000
0.53805781,0.02193217,-0.76376822,0.46492897,-1.31667876,-0.18978997,1.23932636,0.87385449,-0.58368749,1.27441644,-0.51106051,-1.28245351,1.48216787,1.11006758,-0.10220165,0.49912957,0.51368423,-0.91655331,-0.89985410,-0.09125789,1.23471942,-1.47001868,0.84751691,-1.32741965,-0.06533366,0.41361850,0.56027780,-1.32456221,-0.24418915,0.25151178,-1.30186339,-1.09471633,0.49094697,0.06491459,-1.01451402,0.10571801,1.23807712,-1.45323725,0.42790132,-1.27904870,-1.48065167,-1.04803653,-0.23128010,0.90703200,-0.65464351,0.37701964,-0.26653009,-0.79700462,0.04274134,0.89239347,0.99747711,1.03955860,1.00000000
0.80143257,-0.14074210,-0.48432656,0.88036819,-0.86346463,0.71527530,1.34515328,-1.45876850,-0.17890821,0.44331297,0.60532731,-0.97173673,1.41654983,0.34579610,-1.00697820,-1.43843246,0.84979260,-1.26088578,-1.07684724,0.22449008,0.31051651,0.56066136,-0.31945796,0.82169601,1.42307580,-0.68671517,0.60908585,1.28540596,0.55886029,0.54332850,-0.82868229,0.10539060,0.18756853,0.60038869,1.49046435,-1.39906853,-1.30430202,-1.26614979,0.72893740,-1.09093861,0.36735562,-0.52599337,-0.12804013,-0.85301052,1.09831968,0.25845097,1.33368979,0.22378875,-1.12827591,-0.98738870,1.46722193,0.67669559,0.00000000
0.44050804,-0.81165584,-1.35216375,0.61134302,-0.26348086,-0.57837484,-1.03781762,1.01971186,-1.30847586,-0.63049361,-0.58085132,-1.01728415,0.02455465,-1.46489212,-0.59707345,1.30088833,-0.56841129,-0.41862184,-0.08050486,0.18508012,0.92612593,-0.92903633,1.11523913,0.77264807,0.66795100,-1.23958628,-1.43507793,0.28203810,1.08940189,0.25332439,-0.86029540,-1.22844031,0.59878936,0.66531083,-0.98240490,-1.41542905,-0.27514946,0.24815611,0.61800723,0.92983503,0.33161228,-1.16735817,0.54774502,1.45252993,1.21675375,1.11500673,-0.59348954,0.75236453,1.05331034,0.53497861,-0.74831473,1.36150192,0.00000000
-0.26455544,0.84991901,-0.14754177,-1.11058332,-1.17066631,0.44255696,-0.18687106,-1.21654837,0.72109372,0.89797550,0.67624689,-0.89321737,0.56932637,-1.46783159,-0.58466358,-0.30353541,1.00574085,-0.32881688,-1.46619166,-0.44296076,-0.00322770,1.34701436,1.32310291,-0.95737789,-0.94456037,-1.00985563,0.86676580,-1.48193388,-1.11846841,0.11387889,-0.75731380,-1.22293063,-0.42036596,-0.67737718,0.03331292,1.43770078,-1.12708609,-0.38181989,1.29595505,1.13061913,-0.31718690,0.59685979,-1.23642896,0.63762317,1.41857319,0.11246446,-0.00452932,-0.93804414,0.40136460,0.27131184,0.45579918,-1.42175014,0.00000000
0.02576958,1.00035749,0.14617047,0.28480453,-0.87740959,-0.87500143,-0.67134549,0.63516478,0.31879819,1.03728794,-0.61302428,1.23620418,0.73111849,-0.31496499,-1.21421380,-0.72904901,1.37030465,-0.56890987,-0.51029712,-0.93123321,0.92055180,-0.67306731,-0.50922525,-0.25695567,-0.19881516,-0.26597763,0.01123109,0.94353864,0.95785512,0.89493940,-1.19662548,0.89903641,-1.13924468,-1.12582869,1.34358831,0.95819353,0.15723140,1.12491061,1.46809393,0.33192620,0.33869531,0.76328109,-0.80358314,-0.99862542,0.77874225,-0.46528562,-1.09478893,-0.55536682,-0.42408940,1.39568298,0.59387913,0.09256895,0.00000000
-0.15868798,-0.39742126,1.40661942,1.20941922,0.03600257,1.21703891,-0.28708603,-0.80873800,-0.80196547,0.48694657,0.00321096,0.47685254,0.55822789,-1.43303138,-1.33788122,0.09803318,-0.92689357,0.39760131,0.15655722,0.25728108,-0.59263386,0.41953052,0.98847791,1.49421376,1.01533316,0.17249628,-0.91971122,0.54433763,1.31296136,-0.86440038,-0.73201314,-1.05297437,0.71016493,-0.28031549,-1.31191308,1.12484997,0.17301571,-0.50671712,-0.46805107,-0.62924634,-0.13355948,-0.48887493,0.14383891,0.82055176,0.52338385,-0.61662932,0.08622303,1.02037848,-1.29538130,-1.26510820,0.16851020,0.41734539,1.00000000
0.21083268,0.31137579,-0.86576095,0.73566038,0.43879013,1.26986780,-0.99313739,0.75412280,-1.24907073,0.19587723,0.15568542,-0.33484487,1.03371344,-1.48688807,0.06053821,-0.84853935,0.73049586,-1.37079772,0.99466406,1.01427668,0.99859804,-1.04229442,0.39121956,-1.45689792,1.04388777,0.66892558,0.09346119,0.69177430,-1.21702771,0.08596750,-0.62617052,1.41785839,1.07135385,0.69982709,1.30124291,-0.45947009,1.20263970,-0.52428530,0.69839016,0.70925074,-1.44495037,-0.41682091,-1.44170198,1.49127605,-1.13340971,0.12843269,0.87166872,-0.89620919,-0.04484200,0.32228628,-1.01938574,0.83566638,1.00000000
-0.17400781,0.55962987,-0.60199063,-0.86693077,0.17486624,-0.26905912,1.26085783,1.14018809,-0.04994801,-0.42220868,-0.52344606,-0.69730913,0.13364356,0.91493581,-0.56773018,-0.92971773,-0.07354858,-1.29289675,0.60383702,0.05507480,-0.01087558,-0.59866386,1.21402031,-1.22854112,1.10947203,-0.36988439,1.14187055,0.68628437,-1.18748782,0.99460886,0.54653050,-1.40309426,-1.09889195,0.40688417,0.48780151,0.73995430,0.66073620,0.47855986,0.79871671,0.22525712,-0.71762584,1.23712984,-1.44535791,-0.40031484,0.68661088,-0.21853188,-1.42549678,-1.30205729,0.44591211,1.39459380,0.15559091,0.02027345,1.00000000
0.64147793,0.64454966,-0.54502436,-0.72992798,-1.43704505,-0.68113540,-0.15266868,-0.90615065,-1.23795603,0.65318360,1.18386081,1.31031621,0.35399619,-1.34167625,0.72258789,-1.16971408,0.50924435,0.83809751,0.67759413,1.35565142,0.71443885,0.57962933,-0.71477048,1.27430606,-0.96136839,1.21468983,-0.56201237,-1.10950922,0.98004908,-1.49251364,0.99626495,-0.71306447,1.15416382,0.57443755,0.49855000,-0.40404131,-1.32179108,0.99021929,-0.98728861,-0.38322407,0.30106406,-0.05323878,-0.90401809,-1.07815093,-1.13026118,1.08902364,-1.40532135,1.43104278,-0.90441393,-1.16903311,0.23091496,-1.26004213,0.00000000
-0.41441179,-0.29810948,0.30735979,1.05187993,-1.35630594,0.89960581,-0.31656768,-1.02152810,-0.97171056,1.25629363,-1.16818274,1.10034836,0.13273386,-1.38283146,-0.10657156,0.95234854,0.67860836,-0.03365275,1.08014964,-1.13890571,1.22982316,1.03932363,0.62483048,0.95366323,0.13144652,0.52548729,0.18179421,-0.43371441,0.20658239,-0.72760400,-0.17916249,-0.65767378,-1.13133663,-0.53441443,1.05596165,-0.35675769,0.74401095,-0.97440644,-0.22674252,-1.15543179,-1.08413681,0.35230914,0.32244545,-0.85988428,-0.07673042,1.08991850,-0.97739547,-1.44236840,0.45598542,-1.33950538,1.43982072,0.32886085,1.00000000
0.39809080,-1.12283588,-0.08881094,-0.21002238,0.21921198,-1.22812669,1.29005718,0.37692621,-0.94806451,0.18774316,-1.10023048,-1.44734185,0.39155096,0.44545003,0.25108975,-0.94955039,0.31028958,-1.33046718,0.32771507,0.16205106,0.46576449,1.18642682,1.05107432,1.44196257,1.42872310,0.81695908,1.36925887,1.10185166,0.68274735,-1.27384724,-1.35285034,1.01279870,-0.03103243,0.94382005,-0.56124519,-0.30705043,0.60056016,1.24598021,-1.23671558,1.08443443,0.87903817,-0.55338219,-0.43435016,-1.36061557,-1.45277817,-0.06898162,-1.21338106,-0.91799456,1.04030160,0.21308517,0.40089731,-0.93756201,0.00000000
-0.33483842,0.33818776,0.98598541,1.10393932,0.06998278,1.23767332,1.03448587,0.69397253,0.70222775,-1.18381958,-0.68749189,-1.29945834,-1.47395637,-1.02507141,1.14146155,-0.78037782,1.41046189,0.29187300,-0.78822454,-0.00860759,-0.84271553,1.45192067,1.04179495,-1.42128363,1.34332809,0.66319532,-1.25285624,0.51191324,0.44078009,-0.84363376,0.77534010,-1.23880589,-0.03166446,-1.47023038,1.40621247,0.75469090,-1.02344377,-0.47497788,-1.01831287,0.79985239,-1.32331102,1.02121997,1.32658902,0.52988383,-0.86110365,-0.41972971,-0.06828038,0.31387432,0.50598927,0.16264415,-0.44605824,1.17275184,1.00000000
0.94839389,-0.39678077,-1.25582383,-0.10123184,0.82669452,-1.31738200,0.61600565,0.95913487,0.48249390,-1.46118932,-0.95958892,-0.47366076,-0.79892989,1.38795642,0.45478174,-0.60908713,1.28909250,0.72178260,-0.64617836,-0.36335529,-0.90171343,1.41322199,0.05188949,1.18817006,-0.46050069,1.08252481,-1.33833945,1.44627095,1.23610310,-0.41039117,0.82416650,0.75677378,1.20376439,-0.57823506,-0.10343998,1.09499884,0.83573836,-0.31959984,1.03717570,-1.35913788,0.84613891,-0.87970242,-0.64163728,-0.02035547,-0.15079650,0.06171032,0.13432679,-0.50541693,-0.97431746,0.80544369,-0.30007155,0.01752259,0.00000000
-0.58166058,0.27095182,0.43409016,1.22891377,0.62265849,-1.36362232,1.01568109,1.46806505,-0.08254492,1.40877101,0.14198623,-0.12115201,-0.50578571,0.47266463,-0.81053874,-1.18519734,-1.41828869,-0.62285966,-0.31268750,0.15623009,-0.62175052,1.45217872,-0.62476450,-0.17707383,-1.19017150,-0.71812046,-1.35500358,0.17852590,0.75319405,-0.91287056,-0.39626719,-1.45015132,1.01856617,0.83989057,-1.31023791,-0.40539717,1.36585984,-0.32391883,0.07862603,-0.43427142,0.28839416,1.43447063,1.49250751,0.82414493,-0.28706671,-0.01670340,-0.42980602,1.45672389,0.62328092,-0.15320566,-1.46365419,0.06145024,1.00000000
0.01244388,-0.41374992,1.45178461,0.06918273,-0.95271994,-1.43371876,-0.43588873,1.25468417,1.48966232,1.33610392,0.68825998,0.17442819,0.27205844,0.11697603,0.62114791,-0.24338032,0.50761201,-1.13516366,-0.70291408,1.00800912,1.21124679,0.11702471,-1.40509315,1.28092071,0.60619277,-0.25791623,0.29513683,-0.21067550,-0.10398232,1.16042960,-1.01674726,-1.18899259,-1.49181377,-0.55799887,-1.05775870,-0.84004351,-1.46628305,-0.81841376,-0.50186525,-1.40529751,0.32371237,0.20640105,-1.20889266,0.28502933,1.49596176,1.33340686,-1.49198702,0.88613493,-0.43918417,-1.30904589,-0.61205036,-0.53479045,1.00000000
-0.01508681,0.57255974,0.06973272,0.48325130,0.74716684,-0.76229087,-0.53468829,-0.57485488,-0.41178940,1.49896893,0.83382991,1.42497140,0.57933318,-0.28118790,-0.33076745,-0.03425657,-0.24939065,0.98497874,-0.10499396,-0.61315692,0.82458081,1.06326123,-0.23871313,0.50342572,-1.32358640,0.08839456,-1.36505659,-1.41242748,0.33877455,-0.58999385,0.72761149,1.18824768,-1.08182648,0.67356852,0.04355999,-1.16364225,0.45477782,0.32840041,0.04692560,1.27941361,0.06323909,1.47154535,0.02768644,-1.15244389,-0.08858625,-0.95301371,0.29140046,0.57939653,-0.09469416,-1.20689110,-0.09407580,-1.25563736,1.00000000
-0.51662720,-0.11958459,0.54637787,0.87110467,1.38714098,-1.05359368,0.09726101,0.20261210,1.26742960,0.38182992,-1.06347106,-0.19094603,0.46428759,0.60085330,1.08922200,-0.95847864,1.35462644,-1.32258176,1.45128640,1.07330128,0.48081835,0.70498650,-1.28192398,-1.37556041,-1.19470261,-1.23792056,0.14214370,-0.85366804,1.08061691,-0.16275413,0.58653143,0.45861928,-0.54044088,-0.77049728,-0.47263114,0.88997512,0.25883055,-0.73938401,0.95353933,-1.33572184,0.59755012,-0.18269758,0.69387116,1.28238384,0.75010229,-0.17410393,-1.04707296,0.91905293,-0.11788342,-1.27406303,0.65716619,-0.62444410,1.00000000
-0.17866160,-1.00847612,-1.35333531,1.20825304,-0.05069672,-0.65711684,0.64915967,1.15770713,-1.49907877,0.56355656,0.80103508,-0.87021772,-0.03112851,-1.23214230,0.74024965,1.04236806,-1.17544003,0.94938076,0.81471051,-0.45926004,0.57086859,-1.49985563,1.29539296,0.15114971,0.36101659,0.49397824,0.18410705,1.07029166,0.32910550,1.22327997,0.24699487,-0.98663273,1.24068767,0.54488250,0.59771698,1.45644525,-1.27441034,-0.21422218,-0.78271382,0.39127939,0.92043505,1.39893213,-0.13621168,0.85865469,1.25115478,0.54997630,-0.77180234,0.32356245,1.40985614,1.46266149,0.42707947,1.16096327,0.00000000
-0.46944383,-0.87508772,-0.89895191,-0.76176419,1.35866284,-1.09429387,-0.92668069,-0.23835420,0.26875286,0.31145166,-0.62407197,1.26184169,1.24529972,-0.32379584,-0.19712469,0.60749135,0.48898769,-0.35310896,-0.25726725,-0.45588317,-0.79384498,-0.12558491,0.55930240,0.72590012,0.83662094,-0.37580396,0.79390798,-1.48045105,-0.06885019,0.88171320,0.39013416,-0.07781063,0.43392602,1.22083801,0.19914540,0.89935857,1.44222818,0.61670461,0.21997729,-1.38754216,-0.37656631,0.19632820,0.89161972,-0.18568563,1.38017483,-0.68461874,0.73370159,-0.24290575,-0.04203452,0.90750610,-0.61135422,-1.20956383,0.00000000
0.13372488,-0.99034799,0.06076675,0.08638384,0.89150332,1.40495762,-1.33409794,0.27506842,0.54383559,1.45740405,1.32777064,0.63735229,0.06536823,-1.01542823,-0.34747033,0.25536698,0.67560119,0.40619867,0.64236841,-0.21254249,0.68288187,-1.06877623,-1.01224106,-1.01150356,1.17259487,-1.27189781,0.90452512,-0.79928731,-0.09471018,1.24786979,0.25781169,-0.86964694,-0.64772982,1.26133987,-0.21856822,0.26095645,-0.12020341,-0.36468574,-0.83016262,0.55857450,0.65472608,-0.67534473,0.86703253,1.06360560,1.26202529,-1.01636276,-0.58822895,1.08106004,-0.90437939,-1.48959462,1.11248193,-0.52065167,0.00000000
0.00095837,-0.59087879,-0.25650742,-0.16099792,1.04482380,-0.48632357,1.17683966,0.35081741,0.08186017,-0.52315648,-0.76886491,0.37217533,-0.15931752,1.23154803,-0.02508385,0.03538475,-0.24983016,0.86778899,-0.22548241,-0.69197400,1.08609262,0.29048466,0.27453066,0.33246662,0.65651924,-0.56079603,-1.39846689,0.93177948,-1.11328484,0.66545921,-1.25305411,-0.37407647,-1.31092179,0.06664104,0.45940732,-0.98570058,-0.38511714,1.29071847,-0.17283265,0.90763071,1.28155424,1.42303747,1.19496606,-0.54778401,1.38771866,0.93718573,1.01152675,-1.45448105,1.36271659,0.83427067,0.80390249,-1.25542581,1.00000000
-0.90757627,0.08666317,-0.80229438,1.38678500,0.00203122,-0.30642595,1.01982245,-1.23797876,-0.24917395,-0.37289768,-0.45044584,-0.57692327,-0.86977513,-0.98126759,0.42121835,1.25818452,0.02655494,-0.60607634,-1.02251941,0.99043010,1.41447617,-0.45253380,-0.62714872,0.30447886,0.82598694,-0.13379159,0.39021945,0.64964720,1.38177686,-1.00488801,1.49214748,-0.32353003,0.66960043,0.21724313,-0.03999415,0.59422611,-0.31273845,-1.12167006,-0.03331985,0.06574761,-0.89429354,1.30685807,-0.81757306,-0.27231722,-1.03521094,0.10738994,-0.57708718,-0.03218244,-0.82614925,-1.33867462,0.83767995,0.42325885,0.00000000
0.32888840,-0.41265980,-0.47778193,-1.35751733,1.09672519,-0.99061499,1.29222665,-0.06421386,-0.47883987,0.72527843,1.13051822,-0.38785931,-0.27796874,-0.20052534,1.26696918,0.57769197,-0.75706165,-0.94500091,-0.80889701,-0.70930833,-0.80944953,0.47551934,-1.15219947,-0.33792453,0.37516072,-0.62742008,-1.30417685,-1.25452823,-1.12209967,1.00752907,0.47359052,-1.30643277,-0.32679336,-0.66424448,0.23412033,0.06841785,-0.05662793,-0.55646289,-1.08660068,0.72712915,1.13957031,1.33245273,-1.32414309,0.71972613,0.67951038,1.34132884,-0.74125622,0.72653711,-1.33612113,0.39373716,-0.44745653,0.80672832,1.00000000
-0.89669783,0.48517752,1.08991286,-0.40553687,0.07675828,-1.14778781,-0.24927910,-0.41759882,-0.95062962,1.18343587,-1.05573649,0.40721807,1.17042793,1.23590574,0.87971910,-0.97157660,0.95229423,-0.67030556,1.26719408,0.62726004,0.85580268,-1.24490264,0.24829534,0.96342638,1.08477106,-1.41410489,1.31747770,-1.36998380,0.34355604,0.58016258,-1.17796413,-1.35596440,0.85473646,-0.34598813,-1.17866245,0.78800345,1.04748921,0.26215857,-1.01628957,-1.45433259,0.60240744,0.15041902,0.45239143,0.93955401,-0.19731667,-1.12645359,1.31994986,0.13578638,0.34588236,1.30023429,1.29475097,0.21628382,0.00000000
-0.14630730,-0.25214008,-0.60716573,1.49134090,0.54245127,-0.27468997,0.17951041,-0.25249785,1.16491546,-0.05250188,0.97058513,1.02052889,0.97299701,0.66656584,1.06463315,-0.33831126,-1.15601038,1.02736261,-0.00549475,-1.11787190,-1.15406243,-1.02227282,0.75291978,0.63257002,-0.88854396,1.04077025,-0.65611561,0.87895675,-0.03358228,0.69464605,-0.35583701,-0.45857821,1.02407880,-1.39409324,1.42421084,0.44453867,-0.20254984,0.38416359,-1.13177716,0.04215737,1.45528657,-0.79419169,0.66683430,-0.19508587,0.45737445,-0.88533831,-0.08860505,1.44027814,-0.91413855,0.40933508,0.22679325,0.19515476,1.00000000
0.48960952,0.19569648,0.34536987,0.00671392,-1.44920775,1.20029043,0.98093648,-0.97749696,-0.26018047,0.81164694,1.44018695,1.35341114,1.19807760,-1.02487831,1.24342532,1.13533474,-0.36915027,-0.31643222,-0.12027323,0.46852689,-0.71749315,-1.43115471,-1.07631143,-0.17965228,-0.65399229,0.79354968,-1.17992979,1.25239568,1.18598154,1.22627045,0.71883000,-1.17900009,-0.18558729,-1.10578388,1.46309758,-0.50088473,0.25599163,0.83817916,1.26184825,0.76664318,0.52351134,-0.10205465,0.31620040,-1.21750857,1.15176763,0.13133193,-1.37959485,1.25970638,-0.03209408,1.10576742,1.07066386,0.94725476,1.00000000
-0.77553021,-0.56069502,-1.31579094,-0.75880006,1.12664362,1.19697317,-0.12579341,-0.17987560,-0.97457810,1.40523237,-0.86058457,-0.92718965,0.48218691,-0.77146709,1.31631483,-1.46727901,-1.48274021,0.01463040,-0.03581262,-1.00990793,-0.01644131,-0.26501668,1.17098858,-1.47223824,1.42880942,0.37317829,-1.04446966,-1.35971996,0.11431698,-0.79532950,-0.59650339,-0.76460351,0.45051694,0.16058689,-1.26607673,0.07957960,0.87356930,-1.25641623,1.16921693,0.23491995,1.35187341,-1.05557635,1.48069500,0.43281860,0.20248260,0.04583887,-1.42903688,1.31891757,0.43198342,-1.22512055,-1.43714349,-1.34764908,0.00000000
0.55155997,0.11509328,0.32818729,0.34204624,-0.00099812,-0.57970254,0.09522819,0.04890546,-1.44175332,-0.65259231,-1.34044398,1.20046425,0.67566949,1.48834551,-0.59348621,1.13545754,0.30916280,-0.14062378,-0.83228067,0.71517650,1.21242225,-0.79407481,-0.97382900,0.58866575,1.43091949,0.74986530,-0.64625778,-0.24013373,-0.34704709,1.05628505,0.81411234,0.26692630,-0.67512267,1.31396558,0.45994567,1.41142994,0.24035110,0.96357828,0.93931614,-0.48801367,1.39206217,-1.43417560,0.80613273,1.39667126,-0.48327539,0.44433176,0.18666975,0.78452193,1.09853376,0.30913371,0.94771376,-0.56314327,1.00000000
1.02059257,0.56725979,-0.81423882,-0.20799693,0.53320980,-0.93825915,0.54105658,-0.31771905,0.88672582,-1.38949255,0.50394791,0.44946701,1.32280643,0.64010266,0.88890569,1.21377305,0.52515575,-0.62953910,1.10932140,0.74273436,-0.22668719,0.63158752,1.10306663,1.42695639,1.35705451,-0.52401652,-0.23491886,-1.17139019,-0.75736714,1.14726363,-0.41745022,0.36165798,0.49789685,0.84548783,-0.95159991,-0.58556060,-0.15499098,-0.40547682,1.44871570,1.00482241,-0.06093974,1.13780588,-0.45704116,0.85748497,-0.82897321,0.81696614,-0.13063979,-1.17750204,-0.68021264,-0.29317613,0.74787873,-1.28105186,0.00000000
1.14536498,-0.25090063,0.47864099,0.64804092,0.46176411,0.78200891,-0.96549415,0.26131007,1.32343484,0.33235281,0.33400904,0.70931893,-0.50038730,0.60142770,1.24870150,-1.46731358,1.11033912,-0.84414501,-0.13223018,1.05704340,0.97173638,1.17578243,1.32125038,-0.15852913,0.46909143,-0.32856468,-0.44784985,-0.20521377,0.72922840,0.00432224,0.94217902,0.73565543,-1.43856462,0.39071447,-0.19028663,-0.13011303,0.95511916,0.14282396,1.15686547,0.63841678,0.15852003,0.76361393,-1.38495285,-1.41874904,-1.24995202,-0.18730402,-0.79364956,1.45278388,0.12687042,0.48724724,-0.66353959,-0.53460927,0.00000000
-0.62298935,0.94001150,-0.49361426,0.59620712,-0.07888138,0.05305096,0.27600895,0.80643497,-1.22889075,0.83062174,0.18970521,0.50728633,-0.51734471,-0.27183949,-0.80650254,1.43789999,-0.00899108,1.48823075,-0.03064207,-0.84074621,0.02235719,-1.38121328,1.21430940,0.95565075,0.67746156,0.32948015,0.23950270,1.49018464,-0.66600770,0.83905310,0.24421431,1.42764163,0.98340955,1.49557534,0.26497498,-0.88636813,0.01106111,0.63333340,0.82308116,-1.49847003,0.01508127,-0.79429626,1.12473550,-1.04128367,0.49936875,-0.70181343,-0.43037357,1.32167778,-0.77865562,-1.21499171,-1.29214530,0.01384533,0.00000000
-0.81372242,-0.23341086,0.42513445,-0.51811907,0.57077923,-1.31689884,1.07200393,0.94970163,1.45648881,1.30951494,-0.43140851,-0.30217385,0.73789454,-1.09775168,-0.55795587,-1.14437719,-0.13534065,0.15601284,-0.86651859,-1.42010494,0.65806750,-1.43998451,1.42020783,-0.83517823,0.49170028,-0.19574482,-1.32097842,-0.08344918,0.05028190,1.06404962,0.69704721,-1.26209258,-0.87251195,-0.56433695,-1.15077694,-0.12930279,1.45292757,0.04383837,0.72564650,0.54881339,1.04973431,-0.85282953,0.76147879,1.14406572,-0.98547053,-0.45959334,1.41030529,0.84236354,-0.65222750,0.19182531,-0.28702163,-0.03010447,0.00000000
-0.12067110,0.51201678,-0.43450143,-0.66200694,0.52428912,0.83562545,1.12187137,-1.03401010,0.96856657,-0.73559753,-0.21799083,1.20433106,-0.13648920,-0.90880940,-1.02039403,-0.08104870,0.78801727,1.49161543,0.86222589,1.13103588,0.74349708,1.18630530,-1.27111937,1.28979480,-0.31078154,1.26484267,-1.27280149,0.64572887,0.70706625,1.49073267,0.80656581,-0.35227888,0.17174565,-0.40034719,-0.91194406,-0.75449302,-0.83396840,0.14644599,1.21848190,1.23817988,-1.33570867,-1.26030180,-0.76464283,-0.73482164,-1.21533247,-0.33460998,0.26317618,0.23448660,0.13028904,-0.48398423,0.61936706,0.97945182,1.00000000
0.20546065,-0.54141722,-0.46117720,-1.24339392,-0.61100925,-1.08789404,-0.09792382,-1.03219455,-0.11146573,-0.83699132,0.71619332,-1.41729528,0.16423891,-0.99153518,-1.49702441,1.10760026,0.51458336,-1.20317153,0.49221710,0.33494200,-0.07992994,-0.24222570,1.16120929,-0.76455594,-0.30506983,-0.51265376,0.81360309,1.24939592,1.04934510,0.89311179,1.46036984,0.59143365,0.75316137,1.44840762,-1.47902764,0.40214513,0.71691460,1.25348116,1.15153291,1.02588204,1.33737382,0.11213756,-1.47923971,-1.46683680,0.13391717,-0.19418328,-0.14626484,-0.29878579,1.25317743,-0.42248895,1.06868083,1.20859438,1.00000000
-1.03336940,-0.26545673,-0.00149469,-0.15918589,0.78306181,0.62391452,-0.51439465,-1.19235562,-0.70544280,-1.10691448,-0.61580317,-0.71453530,0.41313427,1.36348809,0.55723120,1.27994822,0.85239678,0.68363287,-0.25781418,-0.52561649,1.03883212,1.21617970,-0.14435252,-1.47281071,0.87759318,-0.64479348,-1.47033640,0.91496568,0.05224257,0.55563224,1.24406946,0.12352149,0.00958222,-0.62801364,-0.58441850,0.88962620,-0.15291226,-1.00942137,-1.21641371,-0.08123965,-0.10513493,0.46037483,-0.08679757,-1.06957289,0.02340865,1.22036821,-1.02167577,0.56926392,0.28157779,0.74575718,-1.04819918,1.32481601,0.00000000
